-- phpMyAdmin SQL Dump
-- version 5.2.1
-- https://www.phpmyadmin.net/
--
-- Host: localhost:3306
-- Generation Time: May 24, 2024 at 06:54 AM
-- Server version: 10.6.17-MariaDB-cll-lve
-- PHP Version: 8.1.27

SET SQL_MODE = "NO_AUTO_VALUE_ON_ZERO";
START TRANSACTION;
SET time_zone = "+00:00";


/*!40101 SET @OLD_CHARACTER_SET_CLIENT=@@CHARACTER_SET_CLIENT */;
/*!40101 SET @OLD_CHARACTER_SET_RESULTS=@@CHARACTER_SET_RESULTS */;
/*!40101 SET @OLD_COLLATION_CONNECTION=@@COLLATION_CONNECTION */;
/*!40101 SET NAMES utf8mb4 */;

--
-- Database: `freeiuse_aspentech`
--

-- --------------------------------------------------------

--
-- Table structure for table `cut_history`
--

CREATE TABLE `cut_history` (
  `cut_id` int(244) NOT NULL,
  `user_id` int(11) NOT NULL,
  `user_added_id` int(11) NOT NULL,
  `cut_sale` varchar(100) NOT NULL DEFAULT '0',
  `cut_commision` varchar(100) NOT NULL DEFAULT '0',
  `cut_winners` varchar(100) NOT NULL DEFAULT '0',
  `cut_balance` varchar(100) NOT NULL DEFAULT '0',
  `add_datetime` timestamp NOT NULL DEFAULT current_timestamp() ON UPDATE current_timestamp()
) ENGINE=MyISAM DEFAULT CHARSET=latin1 COLLATE=latin1_swedish_ci;

--
-- Dumping data for table `cut_history`
--

INSERT INTO `cut_history` (`cut_id`, `user_id`, `user_added_id`, `cut_sale`, `cut_commision`, `cut_winners`, `cut_balance`, `add_datetime`) VALUES
(1, 6, 1, '0.00', '0.00', '0', '0', '2024-02-23 18:44:42'),
(2, 6, 1, '0.00', '0.00', '0', '0', '2024-02-27 12:48:57'),
(3, 6, 1, '0.00', '0.00', '0', '0', '2024-02-28 12:29:38'),
(4, 2, 4, '426.00', '42.60', '0', '426', '2024-02-28 13:26:53'),
(5, 5, 4, '0.00', '0.00', '0', '0', '2024-02-28 13:27:04'),
(6, 17, 1, '0.00', '0.00', '0', '0', '2024-04-15 12:41:52'),
(7, 2, 4, '19,814.00', '2,377.68', '0', '19814', '2024-04-15 12:43:18'),
(8, 2, 4, '51.00', '6.12', '0', '51', '2024-04-18 15:08:13'),
(9, 17, 1, '0.00', '0.00', '0', '0', '2024-04-19 15:55:13'),
(10, 22, 1, '0.00', '0.00', '0', '0', '2024-04-20 22:42:55'),
(11, 17, 3, '0.00', '0.00', '0', '0', '2024-04-30 04:24:55');

-- --------------------------------------------------------

--
-- Table structure for table `failed_jobs`
--

CREATE TABLE `failed_jobs` (
  `id` bigint(20) UNSIGNED NOT NULL,
  `uuid` varchar(255) NOT NULL,
  `connection` text NOT NULL,
  `queue` text NOT NULL,
  `payload` longtext NOT NULL,
  `exception` longtext NOT NULL,
  `failed_at` timestamp NOT NULL DEFAULT current_timestamp()
) ENGINE=InnoDB DEFAULT CHARSET=utf8mb4 COLLATE=utf8mb4_unicode_ci;

-- --------------------------------------------------------

--
-- Table structure for table `limit_game`
--

CREATE TABLE `limit_game` (
  `limit_id` int(100) NOT NULL,
  `lottery_id` int(11) NOT NULL,
  `limit_frac` varchar(25) NOT NULL,
  `user_id` int(11) DEFAULT NULL,
  `limit_ball` varchar(100) DEFAULT NULL,
  `added_user_id` int(11) DEFAULT NULL,
  `status` int(11) NOT NULL DEFAULT 1,
  `adddatetime` timestamp NOT NULL DEFAULT current_timestamp() ON UPDATE current_timestamp()
) ENGINE=MyISAM DEFAULT CHARSET=latin1 COLLATE=latin1_swedish_ci;

--
-- Dumping data for table `limit_game`
--

INSERT INTO `limit_game` (`limit_id`, `lottery_id`, `limit_frac`, `user_id`, `limit_ball`, `added_user_id`, `status`, `adddatetime`) VALUES
(6, 1, '30', NULL, '02', 1, 1, '2024-02-23 17:58:02'),
(5, 1, '30', NULL, '01', 1, 1, '2024-02-23 17:58:02'),
(28, 3, '50', NULL, '02', 1, 1, '2024-02-28 12:38:43'),
(27, 3, '50', NULL, '01', 1, 1, '2024-02-28 12:38:43'),
(7, 1, '30', NULL, '03', 1, 1, '2024-02-23 17:58:02'),
(8, 1, '30', NULL, '66', 1, 1, '2024-02-23 17:58:02'),
(9, 2, '12', NULL, '13', 1, 1, '2024-02-27 12:49:26'),
(10, 2, '12', NULL, '14', 1, 1, '2024-02-27 12:49:26'),
(11, 2, '12', NULL, '15', 1, 1, '2024-02-27 12:49:26'),
(12, 2, '12', NULL, '13', 1, 1, '2024-02-27 12:51:26'),
(13, 2, '12', NULL, '14', 1, 1, '2024-02-27 12:51:26'),
(14, 2, '12', NULL, '15', 1, 1, '2024-02-27 12:51:26'),
(15, 2, '50', NULL, '01', 1, 1, '2024-02-28 12:30:04'),
(16, 2, '50', NULL, '02', 1, 1, '2024-02-28 12:30:04'),
(17, 2, '50', NULL, '03', 1, 1, '2024-02-28 12:30:04'),
(18, 2, '50', NULL, '04', 1, 1, '2024-02-28 12:30:04'),
(19, 2, '12', NULL, '01', 1, 1, '2024-02-28 12:32:20'),
(20, 2, '12', NULL, '02', 1, 1, '2024-02-28 12:32:20'),
(21, 2, '12', NULL, '03', 1, 1, '2024-02-28 12:32:20'),
(22, 2, '12', NULL, '04', 1, 1, '2024-02-28 12:32:20'),
(23, 2, '12', 6, '11', 1, 1, '2024-02-28 12:34:45'),
(24, 2, '12', 6, '12', 1, 1, '2024-02-28 12:34:45'),
(25, 2, '12', 6, '13', 1, 1, '2024-02-28 12:34:45'),
(26, 2, '12', 6, '14', 1, 1, '2024-02-28 12:34:45'),
(29, 7, '19', 6, '12', 1, 1, '2024-03-04 11:47:32'),
(30, 7, '19', 6, '13', 1, 1, '2024-03-04 11:47:32'),
(32, 18, '1000', 20, '22', 18, 1, '2024-04-19 03:38:41'),
(33, 18, '1000', 20, '55', 18, 1, '2024-04-19 03:38:41'),
(34, 18, '1000', 20, '99', 18, 1, '2024-04-19 03:38:41'),
(35, 18, '1000', 20, '12', 18, 1, '2024-04-19 03:38:41'),
(36, 18, '1000', 20, '21', 18, 1, '2024-04-19 03:38:41'),
(37, 18, '1000', 20, '11', 18, 1, '2024-04-19 03:38:41'),
(38, 9, '1000', 20, '01', 18, 1, '2024-04-19 04:27:36'),
(39, 9, '1000', 20, '10', 18, 1, '2024-04-19 04:27:36'),
(41, 5, '50', 4, '02', 1, 1, '2024-04-21 14:58:39'),
(42, 5, '50', 4, '03', 1, 1, '2024-04-21 14:58:39'),
(43, 5, '50', 4, '05', 1, 1, '2024-04-21 14:58:39'),
(44, 5, '50', 4, '04', 1, 1, '2024-04-21 14:58:39'),
(50, 19, '1000', 20, '11', 18, 1, '2024-04-21 21:04:33'),
(46, 5, '50', 4, '02', 1, 1, '2024-04-21 14:58:43'),
(47, 5, '50', 4, '03', 1, 1, '2024-04-21 14:58:43'),
(48, 5, '50', 4, '05', 1, 1, '2024-04-21 14:58:43'),
(49, 5, '50', 4, '04', 1, 1, '2024-04-21 14:58:43'),
(51, 19, '1000', 20, '22', 18, 1, '2024-04-21 21:04:33'),
(52, 19, '1000', 20, '55', 18, 1, '2024-04-21 21:04:33'),
(53, 19, '1000', 20, '99', 18, 1, '2024-04-21 21:04:33'),
(54, 19, '1000', 20, '88', 18, 1, '2024-04-21 21:04:33');

-- --------------------------------------------------------

--
-- Table structure for table `lotteries`
--

CREATE TABLE `lotteries` (
  `lot_id` int(11) NOT NULL,
  `lot_name` varchar(250) NOT NULL,
  `img_url` text DEFAULT NULL,
  `lot_colorcode` text DEFAULT 'Color(0xffff16ea)',
  `multiply_number` int(10) NOT NULL DEFAULT 80,
  `winning_type` int(10) NOT NULL DEFAULT 1,
  `lot_opentime` time NOT NULL DEFAULT '00:00:00',
  `lot_closetime` time NOT NULL DEFAULT '00:00:00',
  `is_open` int(1) NOT NULL DEFAULT 1,
  `lot_weekday` text DEFAULT 'Cada dia',
  `user_added_id` int(11) NOT NULL,
  `user_edited_id` int(1) NOT NULL DEFAULT 0,
  `adddatetime` timestamp NOT NULL DEFAULT current_timestamp() ON UPDATE current_timestamp()
) ENGINE=MyISAM DEFAULT CHARSET=latin1 COLLATE=latin1_swedish_ci;

--
-- Dumping data for table `lotteries`
--

INSERT INTO `lotteries` (`lot_id`, `lot_name`, `img_url`, `lot_colorcode`, `multiply_number`, `winning_type`, `lot_opentime`, `lot_closetime`, `is_open`, `lot_weekday`, `user_added_id`, `user_edited_id`, `adddatetime`) VALUES
(1, 'Lottery', '/storage/images/65df32191d4e3.jpg', '0xffffd874', 99, 1, '16:39:00', '16:39:00', 1, 'Juevez', 1, 1, '2024-05-19 09:46:05'),
(2, 'Lot 11 am', '/storage/images/65df331386307.jpg', '0xffffd874', 50, 1, '16:41:00', '16:41:00', 1, 'Cada dia, Lunes,Martes', 1, 1, '2024-05-19 08:49:07'),
(3, 'Lot 11 am 1', '/storage/images/65df331386307.jpg', '0xef123ad', 12, 1, '00:46:00', '00:46:00', 1, 'Martes, Miercoles, Juevez', 1, 1, '2024-05-19 09:47:50'),
(4, 'testing on device', '/storage/images/65df329c0cd2e.jpg', '0xffffd874', 10, 1, '17:48:00', '17:48:00', 1, 'Cada dia, Lunes,Martes', 1, 1, '2024-05-19 08:49:07'),
(5, 'another', '/storage/images/65df32191d4e3.jpg', '0xffffd874', 50, 1, '17:52:00', '17:52:00', 1, 'Cada dia, Lunes,Martes', 1, 1, '2024-05-19 08:49:07'),
(6, 'test111', '/storage/images/65df32191d4e3.jpg', '0xffffd874', 5, 1, '17:55:00', '17:55:00', 1, 'Cada dia, Lunes,Martes', 1, 1, '2024-05-19 08:49:07'),
(7, 'Testing', '/storage/images/65df2e7cc3738.jpg', '0xffff7f2d', 11, 1, '17:56:00', '17:56:00', 1, 'Cada dia, Lunes,Martes', 1, 1, '2024-05-19 08:49:07'),
(8, 'final testing', '/storage/images/65df331386307.jpg', '0xffffd874', 50, 1, '18:19:00', '18:19:00', 1, 'Cada dia, Lunes,Martes', 1, 1, '2024-05-19 08:49:07'),
(26, 'lottery 11AM1', NULL, '0xff00dc32', 80, 1, '07:00:00', '11:00:00', 1, 'Cada dia, Lunes,Martes', 2, 0, '2024-05-19 08:49:07'),
(9, 'Honduras 11 AM', '/storage/images/65f6eb9e3c4e6.webp', '0xff49ce06', 80, 1, '22:54:00', '00:54:00', 1, 'Martes', 18, 18, '2024-05-21 04:54:54'),
(10, 'Nicaragua 11 AM', '/storage/images/65f6ea8059e23.jpg', '0xffff7e16', 80, 1, '22:54:00', '00:55:00', 1, 'Martes', 18, 18, '2024-05-21 04:55:11'),
(11, 'Salvador 11 AM', '/storage/images/65f6ebdf4bf1a.jpg', '0xff2672ff', 80, 1, '22:55:00', '00:55:00', 1, 'Martes', 18, 18, '2024-05-21 04:55:22'),
(12, 'Guadalupana 11 AM', '/storage/images/65f6ec4b3407b.jpg', '0xfffff65e', 85, 1, '07:00:00', '10:50:00', 1, 'Cada dia, Lunes,Martes', 18, 0, '2024-05-19 08:49:07'),
(13, 'Honduras 3 PM', '/storage/images/65f6ec7d25669.webp', '0xff49ce06', 80, 1, '07:00:00', '14:55:00', 1, 'Cada dia, Lunes,Martes', 18, 18, '2024-05-19 08:49:07'),
(14, 'Nicaragua 3 PM', '/storage/images/65f6eccc76603.jpg', '0xffff7e16', 80, 1, '07:00:00', '14:55:00', 1, 'Cada dia, Lunes,Martes', 18, 18, '2024-05-19 08:49:07'),
(15, 'Guadalupana 3 PM', '/storage/images/65f6ede7c5201.jpg', '0xfffff65e', 85, 7, '07:00:00', '14:50:00', 1, 'Cada dia, Lunes,Martes', 18, 18, '2024-05-19 08:49:07'),
(16, 'Santa Lucia', '/storage/images/65f6ee4ba04b7.png', '0xff9337ff', 80, 7, '07:00:00', '14:55:00', 1, 'Cada dia, Lunes,Martes', 18, 0, '2024-05-19 08:49:07'),
(17, 'Guadalupana 6 PM', '/storage/images/65f6ef0b292fc.jpg', '0xfffff65e', 85, 1, '07:00:00', '17:55:00', 1, 'Cada dia, Lunes,Martes', 18, 18, '2024-05-19 08:49:07'),
(18, 'Honduras 9 PM', '/storage/images/65f6ef3aca9da.webp', '0xff49ce06', 80, 1, '07:00:00', '20:55:00', 1, 'Cada dia, Lunes,Martes', 18, 18, '2024-05-19 08:49:07'),
(19, 'Nicaragua 9 PM', '/storage/images/65f6ef86212eb.jpg', '0xffff7e16', 80, 1, '07:00:00', '20:55:00', 1, 'Cada dia, Lunes,Martes', 18, 18, '2024-05-19 08:49:07'),
(20, 'Salvador 9 PM', '/storage/images/65f6efb6c575b.jpg', '0xff2672ff', 80, 1, '07:00:00', '20:55:00', 1, 'Cada dia, Lunes,Martes', 18, 18, '2024-05-19 08:49:07'),
(21, 'BOLIDO', '/storage/images/65f6f1fe12e5d.png', '0xff1aae44', 80, 1, '07:00:00', '20:55:00', 1, 'Cada dia, Lunes,Martes', 18, 18, '2024-05-19 08:49:07'),
(22, 'Guadalupana 9 PM', '/storage/images/65f6f22ec88d7.jpg', '0xfffff65e', 85, 1, '07:00:00', '20:50:00', 1, 'Cada dia, Lunes,Martes', 18, 18, '2024-05-19 08:49:07'),
(23, 'DUKI', '/storage/images/65fb7d77488d0.png', '0xff1aae44', 80, 7, '07:00:00', '09:55:00', 1, 'Cada dia, Lunes,Martes', 18, 18, '2024-05-19 08:49:07'),
(24, 'CHARADA', '/storage/images/6604b0add0c97.jpg', '0xffff0b00', 80, 7, '07:00:00', '22:00:00', 1, 'Cada dia, Lunes,Martes', 18, 18, '2024-05-19 08:49:07'),
(25, 'lottery 11AM1', '/storage/images/6631938ec808f.jpg', '0xff00dc32', 80, 1, '07:00:00', '11:00:00', 1, 'Cada dia, Lunes,Martes', 2, 2, '2024-05-19 08:49:07'),
(32, 'New 19may 2024', NULL, '0xffffd874', 80, 1, '13:28:00', '13:28:00', 1, 'Lunes', 1, 1, '2024-05-19 09:57:19'),
(35, 'Lot 11 am', NULL, '0xef123ad', 12, 1, '00:46:00', '00:46:00', 1, 'Cada dia, Lunes', 2, 0, '2024-05-19 08:56:51'),
(29, 'lottery 11AM1', NULL, '0xff00dc32', 80, 1, '07:00:00', '11:00:00', 1, 'Cada dia, Lunes,Martes', 1, 1, '2024-05-19 08:49:07'),
(33, 'Lot 11 am', NULL, '0xef123ad', 12, 1, '00:46:00', '00:46:00', 1, 'Cada dia, Lunes,Martes', 2, 0, '2024-05-19 08:49:07'),
(34, 'testing 1905', '/storage/images/6649b9cf15c6e.png', '0xffffd874', 50, 1, '13:34:00', '13:34:00', 1, 'Cada dia, Lunes,Martes', 1, 1, '2024-05-19 08:48:00'),
(38, 'finalize', '/storage/images/6649c33cc6e41.jpg', '0xffffd874', 80, 1, '14:15:00', '14:15:00', 1, 'Martes', 1, 1, '2024-05-19 09:57:53'),
(37, 'lottery 11AM1', NULL, '0xff00dc32', 80, 1, '07:00:00', '11:00:00', 1, 'Cada dia, Lunes , Martes', 2, 0, '2024-05-19 09:08:32');

-- --------------------------------------------------------

--
-- Table structure for table `migrations`
--

CREATE TABLE `migrations` (
  `id` int(10) UNSIGNED NOT NULL,
  `migration` varchar(255) NOT NULL,
  `batch` int(11) NOT NULL
) ENGINE=InnoDB DEFAULT CHARSET=utf8mb4 COLLATE=utf8mb4_unicode_ci;

--
-- Dumping data for table `migrations`
--

INSERT INTO `migrations` (`id`, `migration`, `batch`) VALUES
(1, '2014_10_12_000000_create_users_table', 1),
(2, '2014_10_12_100000_create_password_resets_table', 1),
(3, '2019_08_19_000000_create_failed_jobs_table', 1),
(4, '2019_12_14_000001_create_personal_access_tokens_table', 1),
(5, '2016_06_01_000001_create_oauth_auth_codes_table', 2),
(6, '2016_06_01_000002_create_oauth_access_tokens_table', 2),
(7, '2016_06_01_000003_create_oauth_refresh_tokens_table', 2),
(8, '2016_06_01_000004_create_oauth_clients_table', 2),
(9, '2016_06_01_000005_create_oauth_personal_access_clients_table', 2);

-- --------------------------------------------------------

--
-- Table structure for table `orders`
--

CREATE TABLE `orders` (
  `order_id` int(11) NOT NULL,
  `order_date` date NOT NULL,
  `client_name` text DEFAULT NULL,
  `client_contact` varchar(255) DEFAULT NULL,
  `sub_total` varchar(255) DEFAULT '0',
  `grand_total` varchar(255) DEFAULT '0',
  `note` varchar(1000) DEFAULT NULL,
  `transaction_id` int(11) NOT NULL DEFAULT 0,
  `user_id` int(11) NOT NULL,
  `paid_datetime` timestamp NOT NULL DEFAULT current_timestamp() ON UPDATE current_timestamp(),
  `winning_amount` varchar(100) NOT NULL DEFAULT '0',
  `transaction_paid_id` int(10) NOT NULL DEFAULT 0,
  `is_paid` int(1) NOT NULL DEFAULT 0,
  `lotterycollected` int(11) NOT NULL DEFAULT 0,
  `adddatetime` timestamp NOT NULL DEFAULT current_timestamp()
) ENGINE=InnoDB DEFAULT CHARSET=latin1 COLLATE=latin1_swedish_ci;

--
-- Dumping data for table `orders`
--

INSERT INTO `orders` (`order_id`, `order_date`, `client_name`, `client_contact`, `sub_total`, `grand_total`, `note`, `transaction_id`, `user_id`, `paid_datetime`, `winning_amount`, `transaction_paid_id`, `is_paid`, `lotterycollected`, `adddatetime`) VALUES
(1, '2024-02-05', '50', NULL, '100', '100', NULL, 1, 1, '2024-02-05 12:33:19', '0', 0, 0, 0, '2024-02-05 12:33:19'),
(2, '2024-02-05', NULL, NULL, '156', '156', NULL, 2, 2, '2024-02-28 13:26:53', '0', 0, 0, 1, '2024-02-05 12:38:49'),
(3, '2024-02-05', NULL, NULL, '46', '46', NULL, 3, 2, '2024-02-28 13:26:53', '0', 0, 0, 1, '2024-02-05 13:26:37'),
(4, '2024-02-12', '50', NULL, '100', '100', NULL, 4, 2, '2024-02-28 13:26:53', '0', 0, 0, 1, '2024-02-12 11:37:06'),
(5, '2024-02-12', '50', NULL, '100', '100', NULL, 5, 2, '2024-02-28 13:26:53', '0', 0, 0, 1, '2024-02-12 11:37:17'),
(6, '2024-02-27', NULL, NULL, '24', '24', NULL, 10, 2, '2024-02-28 13:26:53', '0', 0, 0, 1, '2024-02-27 13:22:47'),
(7, '2024-02-28', 'sami', NULL, '300', '300', NULL, 17, 2, '2024-04-18 15:08:13', '0', 0, 0, 1, '2024-02-28 13:40:50'),
(8, '2024-03-02', NULL, NULL, '20', '20', NULL, 18, 2, '2024-04-18 15:08:13', '0', 0, 0, 1, '2024-03-02 17:18:41'),
(9, '2024-03-03', NULL, NULL, '20', '20', NULL, 19, 2, '2024-04-18 15:08:13', '0', 0, 0, 1, '2024-03-03 10:10:32'),
(10, '2024-03-04', '50', NULL, '100', '100', NULL, 20, 2, '2024-04-18 15:08:13', '0', 0, 0, 1, '2024-03-04 08:21:19'),
(11, '2024-03-04', '50', NULL, '100', '100', NULL, 21, 2, '2024-04-18 15:08:13', '0', 0, 0, 1, '2024-03-04 08:22:04'),
(12, '2024-03-04', '50', NULL, '100', '100', NULL, 22, 2, '2024-04-18 15:08:13', '0', 0, 0, 1, '2024-03-04 08:25:38'),
(13, '2024-03-04', '50', NULL, '100', '100', NULL, 23, 2, '2024-04-18 15:08:13', '0', 0, 0, 1, '2024-03-04 08:27:48'),
(14, '2024-03-04', '50', NULL, '100', '100', NULL, 24, 2, '2024-04-18 15:08:13', '0', 0, 0, 1, '2024-03-04 09:23:20'),
(15, '2024-03-04', '50', NULL, '100', '100', NULL, 25, 2, '2024-04-18 15:08:13', '0', 0, 0, 1, '2024-03-04 09:25:22'),
(16, '2024-03-04', '50', NULL, '100', '100', NULL, 26, 2, '2024-04-18 15:08:13', '0', 0, 0, 1, '2024-03-04 09:35:20'),
(17, '2024-03-04', '50', NULL, '150', '150', NULL, 27, 2, '2024-04-18 15:08:13', '0', 0, 0, 1, '2024-03-04 09:35:39'),
(18, '2024-03-04', '50', NULL, '150', '150', NULL, 28, 2, '2024-04-18 15:08:13', '0', 0, 0, 1, '2024-03-04 09:36:43'),
(19, '2024-03-04', '50', NULL, '150', '150', NULL, 29, 2, '2024-04-18 15:08:13', '0', 0, 0, 1, '2024-03-04 09:39:34'),
(20, '2024-03-04', '50', NULL, '200', '200', NULL, 30, 2, '2024-04-18 15:08:13', '0', 0, 0, 1, '2024-03-04 09:40:38'),
(21, '2024-03-04', '50', NULL, '650', '650', NULL, 31, 2, '2024-04-18 15:08:13', '0', 0, 0, 1, '2024-03-04 09:40:54'),
(22, '2024-03-04', NULL, NULL, '120', '120', NULL, 32, 2, '2024-04-18 15:08:13', '0', 0, 0, 1, '2024-03-04 10:10:30'),
(23, '2024-03-04', '50', NULL, '650', '650', NULL, 33, 2, '2024-04-18 15:08:13', '0', 0, 0, 1, '2024-03-04 11:10:12'),
(24, '2024-03-04', '50', NULL, '650', '650', NULL, 34, 2, '2024-04-18 15:08:13', '0', 0, 0, 1, '2024-03-04 11:12:09'),
(25, '2024-03-04', '50', NULL, '650', '650', NULL, 35, 2, '2024-04-18 15:08:13', '0', 0, 0, 1, '2024-03-04 11:13:29'),
(26, '2024-03-04', '50', NULL, '650', '650', NULL, 36, 2, '2024-04-18 15:08:13', '0', 0, 0, 1, '2024-03-04 11:16:25'),
(27, '2024-03-04', 'sami', '03457573667', '650', '650', NULL, 37, 2, '2024-04-18 15:08:13', '0', 0, 0, 1, '2024-03-04 11:22:01'),
(28, '2024-03-04', 'sami', '03457573667', '650', '650', NULL, 38, 2, '2024-04-18 15:08:13', '0', 0, 0, 1, '2024-03-04 11:23:02'),
(29, '2024-03-04', 'sami', '03457573667', '650', '650', NULL, 39, 2, '2024-04-18 15:08:13', '0', 0, 0, 1, '2024-03-04 11:24:25'),
(30, '2024-03-04', 'sami', '03457573667', '650', '650', NULL, 40, 2, '2024-04-18 15:08:13', '0', 0, 0, 1, '2024-03-04 11:24:50'),
(31, '2024-03-04', NULL, NULL, '60', '60', NULL, 41, 2, '2024-04-18 15:08:13', '0', 0, 0, 1, '2024-03-04 11:35:01'),
(32, '2024-03-04', 'sami', '03457573667', '650', '650', NULL, 42, 2, '2024-04-18 15:08:13', '0', 0, 0, 1, '2024-03-04 12:27:45'),
(33, '2024-03-04', 'sami', '03457573667', '650', '650', NULL, 43, 2, '2024-04-18 15:08:13', '0', 0, 0, 1, '2024-03-04 12:29:22'),
(34, '2024-03-04', 'sami', '03457573667', '650', '650', NULL, 44, 2, '2024-04-18 15:08:13', '0', 0, 0, 1, '2024-03-04 12:29:44'),
(35, '2024-03-04', 'sami', '03457573667', '650', '650', NULL, 45, 2, '2024-04-18 15:08:13', '0', 0, 0, 1, '2024-03-04 12:30:05'),
(36, '2024-03-04', 'sami', '03457573667', '650', '650', NULL, 46, 2, '2024-04-18 15:08:13', '0', 0, 0, 1, '2024-03-04 12:30:41'),
(37, '2024-03-04', 'sami', '03457573667', '650', '650', NULL, 47, 2, '2024-04-18 15:08:13', '0', 0, 0, 1, '2024-03-04 12:32:36'),
(38, '2024-03-04', 'sami', '03457573667', '650', '650', NULL, 48, 2, '2024-04-18 15:08:13', '0', 0, 0, 1, '2024-03-04 12:39:26'),
(39, '2024-03-04', 'sami', '03457573667', '650', '650', NULL, 49, 2, '2024-04-18 15:08:13', '0', 0, 0, 1, '2024-03-04 12:39:53'),
(40, '2024-03-04', 'sami', '03457573667', '650', '650', NULL, 50, 2, '2024-04-18 15:08:13', '0', 0, 0, 1, '2024-03-04 12:41:09'),
(41, '2024-03-04', 'sami', '03457573667', '650', '650', NULL, 51, 2, '2024-04-18 15:08:13', '0', 0, 0, 1, '2024-03-04 12:43:59'),
(42, '2024-03-04', 'sami', '03457573667', '650', '650', NULL, 52, 2, '2024-04-18 15:08:13', '0', 0, 0, 1, '2024-03-04 12:45:04'),
(43, '2024-03-04', 'sami', '03457573667', '650', '650', NULL, 53, 2, '2024-04-18 15:08:13', '0', 0, 0, 1, '2024-03-04 12:45:40'),
(44, '2024-03-04', NULL, NULL, '40', '40', NULL, 54, 2, '2024-04-18 15:08:13', '0', 0, 0, 1, '2024-03-04 12:52:55'),
(45, '2024-03-04', NULL, NULL, '40', '40', NULL, 55, 2, '2024-04-18 15:08:13', '0', 0, 0, 1, '2024-03-04 13:33:47'),
(46, '2024-03-04', NULL, NULL, '40', '40', NULL, 56, 2, '2024-04-18 15:08:13', '0', 0, 0, 1, '2024-03-04 13:35:11'),
(47, '2024-03-04', NULL, NULL, '48', '48', NULL, 57, 2, '2024-04-18 15:08:13', '0', 0, 0, 1, '2024-03-04 13:42:42'),
(48, '2024-03-04', NULL, NULL, '40', '40', NULL, 58, 2, '2024-04-18 15:08:13', '0', 0, 0, 1, '2024-03-04 13:49:04'),
(49, '2024-03-04', NULL, NULL, '48', '48', NULL, 59, 2, '2024-04-18 15:08:13', '0', 0, 0, 1, '2024-03-04 13:58:05'),
(50, '2024-03-04', NULL, NULL, '492', '492', NULL, 60, 2, '2024-04-18 15:08:13', '0', 0, 0, 1, '2024-03-04 14:01:50'),
(51, '2024-03-04', NULL, NULL, '72', '72', NULL, 61, 2, '2024-04-18 15:08:13', '0', 0, 0, 1, '2024-03-04 14:04:11'),
(52, '2024-03-04', 'Ahmed', NULL, '48', '48', NULL, 62, 2, '2024-04-18 15:08:13', '0', 0, 0, 1, '2024-03-04 14:10:20'),
(53, '2024-03-04', 'Ahmed', NULL, '228', '228', NULL, 63, 2, '2024-04-18 15:08:13', '0', 0, 0, 1, '2024-03-04 14:12:15'),
(54, '2024-03-04', NULL, NULL, '204', '204', NULL, 64, 2, '2024-04-18 15:08:13', '0', 0, 0, 1, '2024-03-04 14:19:35'),
(55, '2024-03-04', NULL, NULL, '48', '48', NULL, 65, 2, '2024-04-18 15:08:13', '0', 0, 0, 1, '2024-03-04 14:26:41'),
(56, '2024-03-04', NULL, NULL, '48', '48', NULL, 66, 2, '2024-04-18 15:08:13', '0', 0, 0, 1, '2024-03-04 14:58:31'),
(57, '2024-03-04', NULL, NULL, '4', '4', NULL, 67, 2, '2024-04-18 15:08:13', '0', 0, 0, 1, '2024-03-04 15:02:32'),
(58, '2024-03-04', NULL, NULL, '40', '40', NULL, 68, 2, '2024-04-18 15:08:13', '0', 0, 0, 1, '2024-03-04 15:06:36'),
(59, '2024-03-04', NULL, NULL, '48', '48', NULL, 69, 2, '2024-04-18 15:08:13', '0', 0, 0, 1, '2024-03-04 15:17:50'),
(60, '2024-03-04', NULL, NULL, '160', '160', NULL, 70, 2, '2024-04-18 15:08:13', '0', 0, 0, 1, '2024-03-04 15:23:50'),
(61, '2024-03-04', NULL, NULL, '160', '160', NULL, 71, 2, '2024-04-18 15:08:13', '0', 0, 0, 1, '2024-03-04 15:32:10'),
(62, '2024-03-04', 'ali', NULL, '168', '168', NULL, 72, 2, '2024-04-18 15:08:13', '0', 0, 0, 1, '2024-03-04 17:41:13'),
(63, '2024-03-04', 'tameem', '12345678', '400', '400', NULL, 73, 2, '2024-04-18 15:08:13', '0', 0, 0, 1, '2024-03-04 18:33:46'),
(64, '2024-03-05', 'Muzamil', NULL, '40', '40', NULL, 74, 2, '2024-04-18 15:08:13', '0', 0, 0, 1, '2024-03-05 11:00:08'),
(65, '2024-03-05', 'sami', '03457573667', '600', '600', NULL, 75, 2, '2024-04-18 15:08:13', '0', 0, 0, 1, '2024-03-05 11:27:22'),
(68, '2024-03-16', NULL, NULL, '500', '500', NULL, 78, 2, '2024-04-18 15:08:13', '0', 0, 0, 1, '2024-03-16 19:37:27'),
(69, '2024-03-16', NULL, NULL, '40', '40', NULL, 79, 2, '2024-04-18 15:08:13', '0', 0, 0, 1, '2024-03-16 19:53:29'),
(70, '2024-03-17', 'a', NULL, '180', '180', NULL, 80, 2, '2024-04-18 15:08:13', '0', 0, 0, 1, '2024-03-17 12:13:20'),
(71, '2024-03-19', NULL, NULL, '6', '6', NULL, 81, 2, '2024-04-18 15:08:13', '0', 0, 0, 1, '2024-03-19 19:00:27'),
(72, '2024-04-15', 'sami', NULL, '250', '250', NULL, 82, 2, '2024-04-18 15:08:13', '0', 0, 0, 1, '2024-04-15 07:46:49'),
(73, '2024-04-15', '50', NULL, '100', '100', NULL, 83, 2, '2024-04-18 15:08:13', '0', 0, 0, 1, '2024-04-15 09:39:31'),
(74, '2024-04-15', NULL, NULL, '100', '100', NULL, 84, 2, '2024-04-18 15:08:13', '0', 0, 0, 1, '2024-04-15 11:10:01'),
(75, '2024-04-15', NULL, NULL, '2', '2', NULL, 85, 2, '2024-04-18 15:08:13', '0', 0, 0, 1, '2024-04-15 12:22:25'),
(76, '2024-04-15', NULL, NULL, '100', '100', NULL, 86, 2, '2024-04-18 15:08:13', '0', 0, 0, 1, '2024-04-15 12:40:12'),
(77, '2024-04-15', NULL, NULL, '50', '50', NULL, 91, 2, '2024-04-18 15:08:13', '0', 0, 0, 1, '2024-04-15 13:01:43'),
(78, '2024-04-15', 'gerente', NULL, '112.5', '112.5', NULL, 92, 19, '2024-04-16 02:50:14', '0', 0, 0, 0, '2024-04-16 02:50:14'),
(79, '2024-04-16', NULL, NULL, '1', '1', NULL, 93, 2, '2024-04-18 15:08:13', '0', 0, 0, 1, '2024-04-16 16:25:31'),
(80, '2024-04-17', 'ja', NULL, '20', '20', NULL, 94, 19, '2024-04-17 20:04:37', '0', 0, 0, 0, '2024-04-17 20:04:37'),
(81, '2024-04-18', 'ja', NULL, '67.5', '67.5', NULL, 97, 19, '2024-04-18 16:07:21', '0', 0, 0, 0, '2024-04-18 16:07:21'),
(82, '2024-04-18', 'Juan', NULL, '340', '340', NULL, 98, 21, '2024-04-19 03:28:21', '0', 0, 0, 0, '2024-04-19 03:28:21'),
(83, '2024-04-18', 'juan', NULL, '25', '25', NULL, 99, 21, '2024-04-19 04:30:13', '0', 0, 0, 0, '2024-04-19 04:30:13'),
(84, '2024-04-18', 'juan', NULL, '25', '25', NULL, 100, 21, '2024-04-19 04:30:36', '0', 0, 0, 0, '2024-04-19 04:30:36'),
(85, '2024-04-18', 'a', NULL, '2.5', '2.5', NULL, 101, 21, '2024-04-19 04:30:50', '0', 0, 0, 0, '2024-04-19 04:30:50'),
(86, '2024-04-19', NULL, NULL, '15', '15', NULL, 102, 2, '2024-04-19 14:01:11', '0', 0, 0, 0, '2024-04-19 14:01:11'),
(87, '2024-04-19', NULL, NULL, '50', '50', NULL, 105, 2, '2024-04-19 17:42:31', '0', 0, 0, 0, '2024-04-19 17:42:31'),
(88, '2024-04-19', 'jo', 'zo', '2', '2', NULL, 106, 25, '2024-04-19 22:32:35', '0', 0, 0, 0, '2024-04-19 22:32:35'),
(89, '2024-04-21', NULL, NULL, '20', '20', NULL, 109, 2, '2024-04-21 11:37:11', '0', 0, 0, 0, '2024-04-21 11:37:11'),
(90, '2024-04-21', NULL, NULL, '24', '24', NULL, 110, 2, '2024-04-21 11:39:29', '0', 0, 0, 0, '2024-04-21 11:39:29'),
(91, '2024-04-21', NULL, NULL, '24', '24', NULL, 111, 2, '2024-04-21 11:45:53', '0', 0, 0, 0, '2024-04-21 11:45:53'),
(92, '2024-04-21', NULL, NULL, '50', '50', NULL, 112, 2, '2024-04-21 14:51:46', '0', 0, 0, 0, '2024-04-21 14:51:46'),
(93, '2024-04-21', NULL, NULL, '45', '45', NULL, 113, 2, '2024-04-21 15:41:25', '0', 0, 0, 0, '2024-04-21 15:41:25'),
(94, '2024-04-21', NULL, NULL, '15', '15', NULL, 114, 2, '2024-04-21 16:32:17', '0', 0, 0, 0, '2024-04-21 16:32:17'),
(95, '2024-04-21', NULL, NULL, '6', '6', NULL, 115, 2, '2024-04-21 16:35:14', '0', 0, 0, 0, '2024-04-21 16:35:14'),
(96, '2024-04-21', NULL, NULL, '10', '10', NULL, 116, 2, '2024-04-21 16:37:53', '0', 0, 0, 0, '2024-04-21 16:37:53'),
(97, '2024-05-20', 'a', NULL, '5', '5', NULL, 119, 21, '2024-05-21 05:06:09', '0', 0, 0, 0, '2024-05-21 05:06:09'),
(98, '2024-05-20', 'cc', NULL, '25', '25', NULL, 120, 21, '2024-05-21 05:13:57', '0', 0, 0, 0, '2024-05-21 05:13:57'),
(99, '2024-05-21', NULL, NULL, '3000', '3000', NULL, 121, 2, '2024-05-21 06:09:00', '0', 0, 0, 0, '2024-05-21 06:09:00');

-- --------------------------------------------------------

--
-- Table structure for table `order_item`
--

CREATE TABLE `order_item` (
  `order_item_id` int(11) NOT NULL,
  `order_id` int(11) NOT NULL DEFAULT 0,
  `product_id` int(11) NOT NULL DEFAULT 0,
  `product_name` text NOT NULL,
  `lot_number` varchar(50) NOT NULL,
  `lot_frac` varchar(50) NOT NULL,
  `lot_amount` varchar(50) NOT NULL,
  `lottery_gone` int(1) DEFAULT 0,
  `transaction_paid_id` int(11) DEFAULT NULL,
  `order_item_status` int(11) NOT NULL DEFAULT 1,
  `winning_amount` varchar(100) DEFAULT '0',
  `lotterycollected` int(11) NOT NULL DEFAULT 0,
  `adddatetime` timestamp NOT NULL DEFAULT current_timestamp() ON UPDATE current_timestamp()
) ENGINE=InnoDB DEFAULT CHARSET=latin1 COLLATE=latin1_swedish_ci;

--
-- Dumping data for table `order_item`
--

INSERT INTO `order_item` (`order_item_id`, `order_id`, `product_id`, `product_name`, `lot_number`, `lot_frac`, `lot_amount`, `lottery_gone`, `transaction_paid_id`, `order_item_status`, `winning_amount`, `lotterycollected`, `adddatetime`) VALUES
(1, 1, 1, 'lot', '04', '1000', '50', 1, NULL, 1, '50', 0, '2024-02-22 09:28:01'),
(2, 1, 2, 'test', '04', '1000', '50', 1, NULL, 1, '0', 0, '2024-02-20 12:58:28'),
(3, 2, 1, 'Lottery', '01', '1560', '78', 1, NULL, 1, '0', 0, '2024-02-21 09:47:56'),
(4, 2, 1, 'Lottery', '02', '1560', '78', 1, NULL, 1, '0', 0, '2024-02-21 09:47:56'),
(5, 3, 2, 'Lot 11 am', '01', '460', '23', 1, NULL, 1, '0', 0, '2024-02-20 12:58:28'),
(6, 3, 2, 'Lot 11 am', '02', '460', '23', 1, NULL, 1, '0', 0, '2024-02-20 12:58:28'),
(7, 4, 66, 'lot', '04', '1000', '50', 0, NULL, 1, '0', 0, '2024-02-12 11:37:06'),
(8, 4, 64, 'test', '04', '1000', '50', 0, NULL, 1, '0', 0, '2024-02-12 11:37:06'),
(9, 5, 1, 'lot', '04', '1000', '50', 1, NULL, 1, '0', 0, '2024-02-21 09:47:56'),
(10, 5, 1, 'test', '04', '1000', '50', 1, NULL, 1, '0', 0, '2024-02-21 09:47:56'),
(11, 6, 1, 'Lottery', '22', '240', '12', 0, NULL, 1, '0', 0, '2024-02-27 13:22:47'),
(12, 6, 1, 'Lottery', '23', '240', '12', 0, NULL, 1, '0', 0, '2024-02-27 13:22:47'),
(13, 7, 5, 'another', '01', '1000', '50', 0, NULL, 1, '0', 0, '2024-02-28 13:40:50'),
(14, 7, 2, 'Lot 11 am', '01', '1000', '50', 1, NULL, 1, '0', 0, '2024-03-05 11:02:02'),
(15, 7, 5, 'another', '02', '1000', '50', 0, NULL, 1, '0', 0, '2024-02-28 13:40:50'),
(16, 7, 2, 'Lot 11 am', '02', '1000', '50', 1, NULL, 1, '0', 0, '2024-03-05 11:02:02'),
(17, 7, 5, 'another', '00', '1000', '50', 0, NULL, 1, '0', 0, '2024-02-28 13:40:50'),
(18, 7, 2, 'Lot 11 am', '00', '1000', '50', 1, NULL, 1, '0', 0, '2024-03-05 11:02:02'),
(19, 8, 1, 'Lottery', '19', '200', '10', 0, NULL, 1, '0', 0, '2024-03-02 17:18:41'),
(20, 8, 1, 'Lottery', '20', '200', '10', 0, NULL, 1, '0', 0, '2024-03-02 17:18:41'),
(21, 9, 1, 'Lottery', '01', '200', '10', 0, NULL, 1, '0', 0, '2024-03-03 10:10:32'),
(22, 9, 1, 'Lottery', '02', '200', '10', 0, NULL, 1, '0', 0, '2024-03-03 10:10:32'),
(23, 10, 1, 'lot', '04', '1000', '50', 0, NULL, 1, '0', 0, '2024-03-04 08:21:19'),
(24, 10, 1, 'test', '04', '1000', '50', 0, NULL, 1, '0', 0, '2024-03-04 08:21:19'),
(25, 11, 1, 'lot', '04', '1000', '50', 0, NULL, 1, '0', 0, '2024-03-04 08:22:04'),
(26, 11, 1, 'test', '04', '1000', '50', 0, NULL, 1, '0', 0, '2024-03-04 08:22:04'),
(27, 12, 1, 'lot', '04', '1000', '50', 0, NULL, 1, '0', 0, '2024-03-04 08:25:38'),
(28, 12, 1, 'test', '04', '1000', '50', 0, NULL, 1, '0', 0, '2024-03-04 08:25:38'),
(29, 13, 1, 'lot', '04', '1000', '50', 0, NULL, 1, '0', 0, '2024-03-04 08:27:48'),
(30, 13, 1, 'test', '04', '1000', '50', 0, NULL, 1, '0', 0, '2024-03-04 08:27:48'),
(31, 14, 1, 'lot', '04', '1000', '50', 0, NULL, 1, '0', 0, '2024-03-04 09:23:20'),
(32, 14, 1, 'test', '04', '1000', '50', 0, NULL, 1, '0', 0, '2024-03-04 09:23:20'),
(33, 15, 1, 'lot', '04', '1000', '50', 0, NULL, 1, '0', 0, '2024-03-04 09:25:22'),
(34, 15, 1, 'test', '06', '1000', '50', 0, NULL, 1, '0', 0, '2024-03-04 09:25:22'),
(35, 16, 1, 'lot', '04', '1000', '50', 0, NULL, 1, '0', 0, '2024-03-04 09:35:20'),
(36, 16, 1, 'test', '06', '1000', '50', 0, NULL, 1, '0', 0, '2024-03-04 09:35:20'),
(37, 17, 1, 'lot', '04', '1000', '50', 0, NULL, 1, '0', 0, '2024-03-04 09:35:39'),
(38, 17, 1, 'test', '06', '1000', '50', 0, NULL, 1, '0', 0, '2024-03-04 09:35:39'),
(39, 17, 3, 'test', '06', '1000', '50', 0, NULL, 1, '0', 0, '2024-03-04 09:35:39'),
(40, 18, 1, 'lot', '04', '1000', '50', 0, NULL, 1, '0', 0, '2024-03-04 09:36:43'),
(41, 18, 1, 'test', '06', '1000', '50', 0, NULL, 1, '0', 0, '2024-03-04 09:36:43'),
(42, 18, 3, 'test', '06', '1000', '50', 0, NULL, 1, '0', 0, '2024-03-04 09:36:43'),
(43, 19, 1, 'lot', '04', '1000', '50', 0, NULL, 1, '0', 0, '2024-03-04 09:39:34'),
(44, 19, 1, 'test', '06', '1000', '50', 0, NULL, 1, '0', 0, '2024-03-04 09:39:34'),
(45, 19, 3, 'test', '06', '1000', '50', 0, NULL, 1, '0', 0, '2024-03-04 09:39:34'),
(46, 20, 1, 'lot', '04', '1000', '50', 0, NULL, 1, '0', 0, '2024-03-04 09:40:38'),
(47, 20, 1, 'test', '06', '1000', '50', 0, NULL, 1, '0', 0, '2024-03-04 09:40:38'),
(48, 20, 3, 'test', '06', '1000', '50', 0, NULL, 1, '0', 0, '2024-03-04 09:40:38'),
(49, 20, 1, 'lot', '04', '1000', '50', 0, NULL, 1, '0', 0, '2024-03-04 09:40:38'),
(50, 21, 1, 'lot', '04', '1000', '50', 0, NULL, 1, '0', 0, '2024-03-04 09:40:54'),
(51, 21, 1, 'test', '06', '1000', '50', 0, NULL, 1, '0', 0, '2024-03-04 09:40:54'),
(52, 21, 3, 'test', '06', '1000', '50', 0, NULL, 1, '0', 0, '2024-03-04 09:40:54'),
(53, 21, 1, 'lot', '09', '100', '500', 0, NULL, 1, '0', 0, '2024-03-04 09:40:54'),
(54, 22, 1, 'Lottery', '01', '200', '10', 0, NULL, 1, '0', 0, '2024-03-04 10:10:30'),
(55, 22, 2, 'Lot 11 am', '01', '200', '10', 1, NULL, 1, '0', 0, '2024-03-05 11:02:02'),
(56, 22, 5, 'another', '01', '200', '10', 0, NULL, 1, '0', 0, '2024-03-04 10:10:30'),
(57, 22, 1, 'Lottery', '02', '200', '10', 0, NULL, 1, '0', 0, '2024-03-04 10:10:30'),
(58, 22, 2, 'Lot 11 am', '02', '200', '10', 1, NULL, 1, '0', 0, '2024-03-05 11:02:02'),
(59, 22, 5, 'another', '02', '200', '10', 0, NULL, 1, '0', 0, '2024-03-04 10:10:30'),
(60, 22, 1, 'Lottery', '03', '200', '10', 0, NULL, 1, '0', 0, '2024-03-04 10:10:30'),
(61, 22, 2, 'Lot 11 am', '03', '200', '10', 1, NULL, 1, '0', 0, '2024-03-05 11:02:02'),
(62, 22, 5, 'another', '03', '200', '10', 0, NULL, 1, '0', 0, '2024-03-04 10:10:30'),
(63, 22, 1, 'Lottery', '13', '200', '10', 0, NULL, 1, '0', 0, '2024-03-04 10:10:30'),
(64, 22, 2, 'Lot 11 am', '13', '200', '10', 1, NULL, 1, '0', 0, '2024-03-05 11:02:02'),
(65, 22, 5, 'another', '13', '200', '10', 0, NULL, 1, '0', 0, '2024-03-04 10:10:30'),
(66, 23, 1, 'lot', '04', '1000', '50', 0, NULL, 1, '0', 0, '2024-03-04 11:10:12'),
(67, 23, 1, 'test', '06', '1000', '50', 0, NULL, 1, '0', 0, '2024-03-04 11:10:12'),
(68, 23, 3, 'test', '06', '1000', '50', 0, NULL, 1, '0', 0, '2024-03-04 11:10:12'),
(69, 23, 1, 'lot', '09', '100', '500', 0, NULL, 1, '0', 0, '2024-03-04 11:10:12'),
(70, 24, 1, 'lot', '04', '1000', '50', 0, NULL, 1, '0', 0, '2024-03-04 11:12:09'),
(71, 24, 1, 'test', '06', '1000', '50', 0, NULL, 1, '0', 0, '2024-03-04 11:12:09'),
(72, 24, 3, 'test', '06', '1000', '50', 0, NULL, 1, '0', 0, '2024-03-04 11:12:09'),
(73, 24, 1, 'lot', '09', '100', '500', 0, NULL, 1, '0', 0, '2024-03-04 11:12:09'),
(74, 25, 1, 'lot', '04', '1000', '50', 0, NULL, 1, '0', 0, '2024-03-04 11:13:29'),
(75, 25, 1, 'test', '06', '1000', '50', 0, NULL, 1, '0', 0, '2024-03-04 11:13:29'),
(76, 25, 3, 'test', '06', '1000', '50', 0, NULL, 1, '0', 0, '2024-03-04 11:13:29'),
(77, 25, 1, 'lot', '09', '100', '500', 0, NULL, 1, '0', 0, '2024-03-04 11:13:29'),
(78, 26, 1, 'lot', '04', '1000', '50', 0, NULL, 1, '0', 0, '2024-03-04 11:16:25'),
(79, 26, 1, 'test', '06', '1000', '50', 0, NULL, 1, '0', 0, '2024-03-04 11:16:25'),
(80, 26, 3, 'test', '06', '1000', '50', 0, NULL, 1, '0', 0, '2024-03-04 11:16:25'),
(81, 26, 1, 'lot', '09', '100', '500', 0, NULL, 1, '0', 0, '2024-03-04 11:16:25'),
(82, 27, 1, 'lot', '04', '1000', '50', 0, NULL, 1, '0', 0, '2024-03-04 11:22:01'),
(83, 27, 1, 'test', '06', '1000', '50', 0, NULL, 1, '0', 0, '2024-03-04 11:22:01'),
(84, 27, 3, 'test', '06', '1000', '50', 0, NULL, 1, '0', 0, '2024-03-04 11:22:01'),
(85, 27, 1, 'lot', '09', '100', '500', 0, NULL, 1, '0', 0, '2024-03-04 11:22:01'),
(86, 28, 1, 'lot', '04', '1000', '50', 0, NULL, 1, '0', 0, '2024-03-04 11:23:02'),
(87, 28, 1, 'test', '06', '1000', '50', 0, NULL, 1, '0', 0, '2024-03-04 11:23:02'),
(88, 28, 3, 'test', '06', '1000', '50', 0, NULL, 1, '0', 0, '2024-03-04 11:23:02'),
(89, 28, 1, 'lot', '09', '100', '500', 0, NULL, 1, '0', 0, '2024-03-04 11:23:02'),
(90, 29, 1, 'lot', '04', '1000', '50', 0, NULL, 1, '0', 0, '2024-03-04 11:24:25'),
(91, 29, 1, 'test', '06', '1000', '50', 0, NULL, 1, '0', 0, '2024-03-04 11:24:25'),
(92, 29, 3, 'test', '06', '1000', '50', 0, NULL, 1, '0', 0, '2024-03-04 11:24:25'),
(93, 29, 1, 'lot', '09', '100', '500', 0, NULL, 1, '0', 0, '2024-03-04 11:24:25'),
(94, 30, 1, 'lot', '04', '1000', '50', 0, NULL, 1, '0', 0, '2024-03-04 11:24:50'),
(95, 30, 1, 'test', '06', '1000', '50', 0, NULL, 1, '0', 0, '2024-03-04 11:24:50'),
(96, 30, 3, 'test', '06', '1000', '50', 0, NULL, 1, '0', 0, '2024-03-04 11:24:50'),
(97, 30, 1, 'lot', '09', '100', '500', 0, NULL, 1, '0', 0, '2024-03-04 11:24:50'),
(98, 31, 1, 'Lottery', '01', '200', '10', 0, NULL, 1, '0', 0, '2024-03-04 11:35:01'),
(99, 31, 2, 'Lot 11 am', '01', '200', '10', 1, NULL, 1, '0', 0, '2024-03-05 11:02:02'),
(100, 31, 1, 'Lottery', '02', '200', '10', 0, NULL, 1, '0', 0, '2024-03-04 11:35:01'),
(101, 31, 2, 'Lot 11 am', '02', '200', '10', 1, NULL, 1, '0', 0, '2024-03-05 11:02:02'),
(102, 31, 1, 'Lottery', '03', '200', '10', 0, NULL, 1, '0', 0, '2024-03-04 11:35:01'),
(103, 31, 2, 'Lot 11 am', '03', '200', '10', 1, NULL, 1, '0', 0, '2024-03-05 11:02:02'),
(104, 32, 1, 'lot', '04', '1000', '50', 0, NULL, 1, '0', 0, '2024-03-04 12:27:45'),
(105, 32, 1, 'test', '06', '1000', '50', 0, NULL, 1, '0', 0, '2024-03-04 12:27:45'),
(106, 32, 3, 'test', '06', '1000', '50', 0, NULL, 1, '0', 0, '2024-03-04 12:27:45'),
(107, 32, 1, 'lot', '09', '100', '500', 0, NULL, 1, '0', 0, '2024-03-04 12:27:45'),
(108, 33, 1, 'lot', '04', '1000', '50', 0, NULL, 1, '0', 0, '2024-03-04 12:29:22'),
(109, 33, 1, 'test', '06', '1000', '50', 0, NULL, 1, '0', 0, '2024-03-04 12:29:22'),
(110, 33, 3, 'test', '06', '1000', '50', 0, NULL, 1, '0', 0, '2024-03-04 12:29:22'),
(111, 33, 1, 'lot', '09', '100', '500', 0, NULL, 1, '0', 0, '2024-03-04 12:29:22'),
(112, 34, 1, 'lot', '04', '1000', '50', 0, NULL, 1, '0', 0, '2024-03-04 12:29:44'),
(113, 34, 1, 'test', '06', '1000', '50', 0, NULL, 1, '0', 0, '2024-03-04 12:29:44'),
(114, 34, 3, 'test', '06', '1000', '50', 0, NULL, 1, '0', 0, '2024-03-04 12:29:44'),
(115, 34, 1, 'lot', '09', '100', '500', 0, NULL, 1, '0', 0, '2024-03-04 12:29:44'),
(116, 35, 1, 'lot', '04', '1000', '50', 0, NULL, 1, '0', 0, '2024-03-04 12:30:05'),
(117, 35, 1, 'test', '06', '1000', '50', 0, NULL, 1, '0', 0, '2024-03-04 12:30:05'),
(118, 35, 3, 'test', '06', '1000', '50', 0, NULL, 1, '0', 0, '2024-03-04 12:30:05'),
(119, 35, 1, 'lot', '09', '100', '500', 0, NULL, 1, '0', 0, '2024-03-04 12:30:05'),
(120, 36, 1, 'lot', '04', '1000', '50', 0, NULL, 1, '0', 0, '2024-03-04 12:30:41'),
(121, 36, 1, 'test', '06', '1000', '50', 0, NULL, 1, '0', 0, '2024-03-04 12:30:41'),
(122, 36, 3, 'test', '06', '1000', '50', 0, NULL, 1, '0', 0, '2024-03-04 12:30:41'),
(123, 36, 1, 'lot', '09', '100', '500', 0, NULL, 1, '0', 0, '2024-03-04 12:30:41'),
(124, 37, 1, 'lot', '04', '1000', '50', 0, NULL, 1, '0', 0, '2024-03-04 12:32:36'),
(125, 37, 1, 'test', '06', '1000', '50', 0, NULL, 1, '0', 0, '2024-03-04 12:32:36'),
(126, 37, 3, 'test', '06', '1000', '50', 0, NULL, 1, '0', 0, '2024-03-04 12:32:36'),
(127, 37, 1, 'lot', '09', '100', '500', 0, NULL, 1, '0', 0, '2024-03-04 12:32:36'),
(128, 38, 1, 'lot', '04', '1000', '50', 0, NULL, 1, '0', 0, '2024-03-04 12:39:26'),
(129, 38, 1, 'lot', '06', '1000', '50', 0, NULL, 1, '0', 0, '2024-03-04 12:39:26'),
(130, 38, 3, 'test', '06', '1000', '50', 0, NULL, 1, '0', 0, '2024-03-04 12:39:26'),
(131, 38, 1, 'lot', '09', '100', '500', 0, NULL, 1, '0', 0, '2024-03-04 12:39:26'),
(132, 39, 1, 'lot', '04', '1000', '50', 0, NULL, 1, '0', 0, '2024-03-04 12:39:53'),
(133, 39, 1, 'lot', '06', '1000', '50', 0, NULL, 1, '0', 0, '2024-03-04 12:39:53'),
(134, 39, 3, 'test', '06', '1000', '50', 0, NULL, 1, '0', 0, '2024-03-04 12:39:53'),
(135, 39, 1, 'lot', '09', '100', '500', 0, NULL, 1, '0', 0, '2024-03-04 12:39:53'),
(136, 40, 1, 'lot', '04', '1000', '50', 0, NULL, 1, '0', 0, '2024-03-04 12:41:09'),
(137, 40, 1, 'lot', '06', '1000', '50', 0, NULL, 1, '0', 0, '2024-03-04 12:41:09'),
(138, 40, 3, 'test', '06', '1000', '50', 0, NULL, 1, '0', 0, '2024-03-04 12:41:09'),
(139, 40, 1, 'lot', '09', '100', '500', 0, NULL, 1, '0', 0, '2024-03-04 12:41:09'),
(140, 41, 1, 'lot', '04', '1000', '50', 0, NULL, 1, '0', 0, '2024-03-04 12:43:59'),
(141, 41, 1, 'lot', '06', '1000', '50', 0, NULL, 1, '0', 0, '2024-03-04 12:43:59'),
(142, 41, 3, 'test', '06', '1000', '50', 0, NULL, 1, '0', 0, '2024-03-04 12:43:59'),
(143, 41, 1, 'lot', '09', '100', '500', 0, NULL, 1, '0', 0, '2024-03-04 12:43:59'),
(144, 42, 1, 'lot', '04', '1000', '50', 0, NULL, 1, '0', 0, '2024-03-04 12:45:04'),
(145, 42, 1, 'lot', '06', '1000', '50', 0, NULL, 1, '0', 0, '2024-03-04 12:45:04'),
(146, 42, 3, 'test', '06', '1000', '50', 0, NULL, 1, '0', 0, '2024-03-04 12:45:04'),
(147, 42, 1, 'lot', '09', '100', '500', 0, NULL, 1, '0', 0, '2024-03-04 12:45:04'),
(148, 43, 1, 'lot', '04', '1000', '50', 0, NULL, 1, '0', 0, '2024-03-04 12:45:40'),
(149, 43, 1, 'lot', '06', '1000', '50', 0, NULL, 1, '0', 0, '2024-03-04 12:45:40'),
(150, 43, 3, 'test', '06', '1000', '50', 0, NULL, 1, '0', 0, '2024-03-04 12:45:40'),
(151, 43, 1, 'lot', '09', '100', '500', 0, NULL, 1, '0', 0, '2024-03-04 12:45:40'),
(152, 44, 1, 'Lottery', '01', '200', '10', 0, NULL, 1, '0', 0, '2024-03-04 12:52:55'),
(153, 44, 2, 'Lot 11 am', '01', '200', '10', 1, NULL, 1, '0', 0, '2024-03-05 11:02:02'),
(154, 44, 1, 'Lottery', '02', '200', '10', 0, NULL, 1, '0', 0, '2024-03-04 12:52:55'),
(155, 44, 2, 'Lot 11 am', '02', '200', '10', 1, NULL, 1, '0', 0, '2024-03-05 11:02:02'),
(156, 45, 1, 'Lottery', '19', '200', '10', 0, NULL, 1, '0', 0, '2024-03-04 13:33:47'),
(157, 45, 2, 'Lot 11 am', '19', '200', '10', 1, NULL, 1, '0', 0, '2024-03-05 11:02:02'),
(158, 45, 1, 'Lottery', '20', '200', '10', 0, NULL, 1, '0', 0, '2024-03-04 13:33:47'),
(159, 45, 2, 'Lot 11 am', '20', '200', '10', 1, NULL, 1, '0', 0, '2024-03-05 11:02:02'),
(160, 46, 1, 'Lottery', '31', '200', '10', 0, NULL, 1, '0', 0, '2024-03-04 13:35:11'),
(161, 46, 2, 'Lot 11 am', '31', '200', '10', 1, NULL, 1, '0', 0, '2024-03-05 11:02:02'),
(162, 46, 1, 'Lottery', '32', '200', '10', 0, NULL, 1, '0', 0, '2024-03-04 13:35:11'),
(163, 46, 2, 'Lot 11 am', '32', '200', '10', 1, NULL, 1, '0', 0, '2024-03-05 11:02:02'),
(164, 47, 1, 'Lottery', '40', '240', '12', 0, NULL, 1, '0', 0, '2024-03-04 13:42:42'),
(165, 47, 2, 'Lot 11 am', '40', '240', '12', 1, NULL, 1, '0', 0, '2024-03-05 11:02:02'),
(166, 47, 1, 'Lottery', '41', '240', '12', 0, NULL, 1, '0', 0, '2024-03-04 13:42:42'),
(167, 47, 2, 'Lot 11 am', '41', '240', '12', 1, NULL, 1, '0', 0, '2024-03-05 11:02:02'),
(168, 48, 1, 'Lottery', '01', '200', '10', 0, NULL, 1, '0', 0, '2024-03-04 13:49:04'),
(169, 48, 2, 'Lot 11 am', '01', '200', '10', 1, NULL, 1, '0', 0, '2024-03-05 11:02:02'),
(170, 48, 1, 'Lottery', '02', '200', '10', 0, NULL, 1, '0', 0, '2024-03-04 13:49:04'),
(171, 48, 2, 'Lot 11 am', '02', '200', '10', 1, NULL, 1, '0', 0, '2024-03-05 11:02:02'),
(172, 49, 1, 'Lottery', '01', '240', '12', 0, NULL, 1, '0', 0, '2024-03-04 13:58:05'),
(173, 49, 2, 'Lot 11 am', '01', '240', '12', 1, NULL, 1, '0', 0, '2024-03-05 11:02:02'),
(174, 49, 1, 'Lottery', '02', '240', '12', 0, NULL, 1, '0', 0, '2024-03-04 13:58:05'),
(175, 49, 2, 'Lot 11 am', '02', '240', '12', 1, NULL, 1, '0', 0, '2024-03-05 11:02:02'),
(176, 50, 1, 'Lottery', '01', '2460', '123', 0, NULL, 1, '0', 0, '2024-03-04 14:01:50'),
(177, 50, 2, 'Lot 11 am', '01', '2460', '123', 1, NULL, 1, '0', 0, '2024-03-05 11:02:02'),
(178, 50, 1, 'Lottery', '02', '2460', '123', 0, NULL, 1, '0', 0, '2024-03-04 14:01:50'),
(179, 50, 2, 'Lot 11 am', '02', '2460', '123', 1, NULL, 1, '0', 0, '2024-03-05 11:02:02'),
(180, 51, 1, 'Lottery', '01', '240', '12', 0, NULL, 1, '0', 0, '2024-03-04 14:04:11'),
(181, 51, 2, 'Lot 11 am', '01', '240', '12', 1, NULL, 1, '0', 0, '2024-03-05 11:02:02'),
(182, 51, 1, 'Lottery', '02', '240', '12', 0, NULL, 1, '0', 0, '2024-03-04 14:04:11'),
(183, 51, 2, 'Lot 11 am', '02', '240', '12', 1, NULL, 1, '0', 0, '2024-03-05 11:02:02'),
(184, 51, 1, 'Lottery', '03', '240', '12', 0, NULL, 1, '0', 0, '2024-03-04 14:04:11'),
(185, 51, 2, 'Lot 11 am', '03', '240', '12', 1, NULL, 1, '0', 0, '2024-03-05 11:02:02'),
(186, 52, 1, 'Lottery', '10', '240', '12', 0, NULL, 1, '0', 0, '2024-03-04 14:10:20'),
(187, 52, 2, 'Lot 11 am', '10', '240', '12', 1, NULL, 1, '0', 0, '2024-03-05 11:02:02'),
(188, 52, 1, 'Lottery', '11', '240', '12', 0, NULL, 1, '0', 0, '2024-03-04 14:10:20'),
(189, 52, 2, 'Lot 11 am', '11', '240', '12', 1, NULL, 1, '0', 0, '2024-03-05 11:02:02'),
(190, 53, 1, 'Lottery', '03', '380', '19', 0, NULL, 1, '0', 0, '2024-03-04 14:12:15'),
(191, 53, 2, 'Lot 11 am', '03', '380', '19', 1, NULL, 1, '0', 0, '2024-03-05 11:02:02'),
(192, 53, 5, 'another', '03', '380', '19', 0, NULL, 1, '0', 0, '2024-03-04 14:12:15'),
(193, 53, 1, 'Lottery', '04', '380', '19', 0, NULL, 1, '0', 0, '2024-03-04 14:12:15'),
(194, 53, 2, 'Lot 11 am', '04', '380', '19', 1, NULL, 1, '0', 0, '2024-03-05 11:02:02'),
(195, 53, 5, 'another', '04', '380', '19', 0, NULL, 1, '0', 0, '2024-03-04 14:12:15'),
(196, 53, 1, 'Lottery', '05', '380', '19', 0, NULL, 1, '0', 0, '2024-03-04 14:12:15'),
(197, 53, 2, 'Lot 11 am', '05', '380', '19', 1, NULL, 1, '0', 0, '2024-03-05 11:02:02'),
(198, 53, 5, 'another', '05', '380', '19', 0, NULL, 1, '0', 0, '2024-03-04 14:12:15'),
(199, 53, 1, 'Lottery', '06', '380', '19', 0, NULL, 1, '0', 0, '2024-03-04 14:12:15'),
(200, 53, 2, 'Lot 11 am', '06', '380', '19', 1, NULL, 1, '0', 0, '2024-03-05 11:02:02'),
(201, 53, 5, 'another', '06', '380', '19', 0, NULL, 1, '0', 0, '2024-03-04 14:12:15'),
(202, 54, 1, 'Lottery', '01', '680', '34', 0, NULL, 1, '0', 0, '2024-03-04 14:19:35'),
(203, 54, 2, 'Lot 11 am', '01', '680', '34', 1, NULL, 1, '0', 0, '2024-03-05 11:02:02'),
(204, 54, 5, 'another', '01', '680', '34', 0, NULL, 1, '0', 0, '2024-03-04 14:19:35'),
(205, 54, 1, 'Lottery', '02', '680', '34', 0, NULL, 1, '0', 0, '2024-03-04 14:19:35'),
(206, 54, 2, 'Lot 11 am', '02', '680', '34', 1, NULL, 1, '0', 0, '2024-03-05 11:02:02'),
(207, 54, 5, 'another', '02', '680', '34', 0, NULL, 1, '0', 0, '2024-03-04 14:19:35'),
(208, 55, 1, 'Lottery', '01', '240', '12', 0, NULL, 1, '0', 0, '2024-03-04 14:26:41'),
(209, 55, 2, 'Lot 11 am', '01', '240', '12', 1, NULL, 1, '0', 0, '2024-03-05 11:02:02'),
(210, 55, 1, 'Lottery', '02', '240', '12', 0, NULL, 1, '0', 0, '2024-03-04 14:26:41'),
(211, 55, 2, 'Lot 11 am', '02', '240', '12', 1, NULL, 1, '0', 0, '2024-03-05 11:02:02'),
(212, 56, 1, 'Lottery', '01', '240', '12', 0, NULL, 1, '0', 0, '2024-03-04 14:58:31'),
(213, 56, 2, 'Lot 11 am', '01', '240', '12', 1, NULL, 1, '0', 0, '2024-03-05 11:02:02'),
(214, 56, 1, 'Lottery', '02', '240', '12', 0, NULL, 1, '0', 0, '2024-03-04 14:58:31'),
(215, 56, 2, 'Lot 11 am', '02', '240', '12', 1, NULL, 1, '0', 0, '2024-03-05 11:02:02'),
(216, 57, 1, 'Lottery', '03', '20', '1', 0, NULL, 1, '0', 0, '2024-03-04 15:02:32'),
(217, 57, 2, 'Lot 11 am', '03', '20', '1', 1, NULL, 1, '0', 0, '2024-03-05 11:02:02'),
(218, 57, 1, 'Lottery', '04', '20', '1', 0, NULL, 1, '0', 0, '2024-03-04 15:02:32'),
(219, 57, 2, 'Lot 11 am', '04', '20', '1', 1, NULL, 1, '0', 0, '2024-03-05 11:02:02'),
(220, 58, 1, 'Lottery', '01', '200', '10', 0, NULL, 1, '0', 0, '2024-03-04 15:06:36'),
(221, 58, 2, 'Lot 11 am', '01', '200', '10', 1, NULL, 1, '0', 0, '2024-03-05 11:02:02'),
(222, 58, 1, 'Lottery', '02', '200', '10', 0, NULL, 1, '0', 0, '2024-03-04 15:06:36'),
(223, 58, 2, 'Lot 11 am', '02', '200', '10', 1, NULL, 1, '0', 0, '2024-03-05 11:02:02'),
(224, 59, 1, 'Lottery', '01', '240', '12', 0, NULL, 1, '0', 0, '2024-03-04 15:17:50'),
(225, 59, 2, 'Lot 11 am', '01', '240', '12', 1, NULL, 1, '0', 0, '2024-03-05 11:02:02'),
(226, 59, 1, 'Lottery', '02', '240', '12', 0, NULL, 1, '0', 0, '2024-03-04 15:17:50'),
(227, 59, 2, 'Lot 11 am', '02', '240', '12', 1, NULL, 1, '0', 0, '2024-03-05 11:02:02'),
(228, 60, 1, 'Lottery', '01', '200', '10', 0, NULL, 1, '0', 0, '2024-03-04 15:23:50'),
(229, 60, 2, 'Lot 11 am', '01', '200', '10', 1, NULL, 1, '0', 0, '2024-03-05 11:02:02'),
(230, 60, 3, 'Lot 11 am 1', '01', '200', '10', 0, NULL, 1, '0', 0, '2024-03-04 15:23:50'),
(231, 60, 5, 'another', '01', '200', '10', 0, NULL, 1, '0', 0, '2024-03-04 15:23:50'),
(232, 60, 1, 'Lottery', '02', '200', '10', 0, NULL, 1, '0', 0, '2024-03-04 15:23:50'),
(233, 60, 2, 'Lot 11 am', '02', '200', '10', 1, NULL, 1, '0', 0, '2024-03-05 11:02:02'),
(234, 60, 3, 'Lot 11 am 1', '02', '200', '10', 0, NULL, 1, '0', 0, '2024-03-04 15:23:50'),
(235, 60, 5, 'another', '02', '200', '10', 0, NULL, 1, '0', 0, '2024-03-04 15:23:50'),
(236, 60, 1, 'Lottery', '03', '200', '10', 0, NULL, 1, '0', 0, '2024-03-04 15:23:50'),
(237, 60, 2, 'Lot 11 am', '03', '200', '10', 1, NULL, 1, '0', 0, '2024-03-05 11:02:02'),
(238, 60, 3, 'Lot 11 am 1', '03', '200', '10', 0, NULL, 1, '0', 0, '2024-03-04 15:23:50'),
(239, 60, 5, 'another', '03', '200', '10', 0, NULL, 1, '0', 0, '2024-03-04 15:23:50'),
(240, 60, 1, 'Lottery', '04', '200', '10', 0, NULL, 1, '0', 0, '2024-03-04 15:23:50'),
(241, 60, 2, 'Lot 11 am', '04', '200', '10', 1, NULL, 1, '0', 0, '2024-03-05 11:02:02'),
(242, 60, 3, 'Lot 11 am 1', '04', '200', '10', 0, NULL, 1, '0', 0, '2024-03-04 15:23:50'),
(243, 60, 5, 'another', '04', '200', '10', 0, NULL, 1, '0', 0, '2024-03-04 15:23:50'),
(244, 61, 1, 'Lottery', '68', '200', '10', 0, NULL, 1, '0', 0, '2024-03-04 15:32:10'),
(245, 61, 2, 'Lot 11 am', '68', '200', '10', 1, NULL, 1, '0', 0, '2024-03-05 11:02:02'),
(246, 61, 5, 'another', '68', '200', '10', 0, NULL, 1, '0', 0, '2024-03-04 15:32:10'),
(247, 61, 3, 'Lot 11 am 1', '68', '200', '10', 0, NULL, 1, '0', 0, '2024-03-04 15:32:10'),
(248, 61, 1, 'Lottery', '69', '200', '10', 0, NULL, 1, '0', 0, '2024-03-04 15:32:10'),
(249, 61, 2, 'Lot 11 am', '69', '200', '10', 1, NULL, 1, '0', 0, '2024-03-05 11:02:02'),
(250, 61, 5, 'another', '69', '200', '10', 0, NULL, 1, '0', 0, '2024-03-04 15:32:10'),
(251, 61, 3, 'Lot 11 am 1', '69', '200', '10', 0, NULL, 1, '0', 0, '2024-03-04 15:32:10'),
(252, 61, 1, 'Lottery', '51', '200', '10', 0, NULL, 1, '0', 0, '2024-03-04 15:32:10'),
(253, 61, 2, 'Lot 11 am', '51', '200', '10', 1, NULL, 1, '0', 0, '2024-03-05 11:02:02'),
(254, 61, 5, 'another', '51', '200', '10', 0, NULL, 1, '0', 0, '2024-03-04 15:32:10'),
(255, 61, 3, 'Lot 11 am 1', '51', '200', '10', 0, NULL, 1, '0', 0, '2024-03-04 15:32:10'),
(256, 61, 1, 'Lottery', '43', '200', '10', 0, NULL, 1, '0', 0, '2024-03-04 15:32:10'),
(257, 61, 2, 'Lot 11 am', '43', '200', '10', 1, NULL, 1, '0', 0, '2024-03-05 11:02:02'),
(258, 61, 5, 'another', '43', '200', '10', 0, NULL, 1, '0', 0, '2024-03-04 15:32:10'),
(259, 61, 3, 'Lot 11 am 1', '43', '200', '10', 0, NULL, 1, '0', 0, '2024-03-04 15:32:10'),
(260, 62, 1, 'Lottery', '19', '560', '28', 0, NULL, 1, '0', 0, '2024-03-04 17:41:13'),
(261, 62, 2, 'Lot 11 am', '19', '560', '28', 1, NULL, 1, '0', 0, '2024-03-05 11:02:02'),
(262, 62, 1, 'Lottery', '20', '560', '28', 0, NULL, 1, '0', 0, '2024-03-04 17:41:13'),
(263, 62, 2, 'Lot 11 am', '20', '560', '28', 1, NULL, 1, '0', 0, '2024-03-05 11:02:02'),
(264, 62, 1, 'Lottery', '21', '560', '28', 0, NULL, 1, '0', 0, '2024-03-04 17:41:13'),
(265, 62, 2, 'Lot 11 am', '21', '560', '28', 1, NULL, 1, '0', 0, '2024-03-05 11:02:02'),
(266, 63, 5, 'another', '03', '1000', '50', 0, NULL, 1, '0', 0, '2024-03-04 18:33:46'),
(267, 63, 3, 'Lot 11 am 1', '03', '1000', '50', 0, NULL, 1, '0', 0, '2024-03-04 18:33:46'),
(268, 63, 5, 'another', '05', '1000', '50', 0, NULL, 1, '0', 0, '2024-03-04 18:33:46'),
(269, 63, 3, 'Lot 11 am 1', '05', '1000', '50', 0, NULL, 1, '0', 0, '2024-03-04 18:33:46'),
(270, 63, 5, 'another', '06', '1000', '50', 0, NULL, 1, '0', 0, '2024-03-04 18:33:46'),
(271, 63, 3, 'Lot 11 am 1', '06', '1000', '50', 0, NULL, 1, '0', 0, '2024-03-04 18:33:46'),
(272, 63, 5, 'another', '33', '1000', '50', 0, NULL, 1, '0', 0, '2024-03-04 18:33:46'),
(273, 63, 3, 'Lot 11 am 1', '33', '1000', '50', 0, NULL, 1, '0', 0, '2024-03-04 18:33:46'),
(274, 64, 1, 'Lottery', '11', '200', '10', 0, NULL, 1, '0', 0, '2024-03-05 11:00:08'),
(275, 64, 2, 'Lot 11 am', '11', '200', '10', 1, NULL, 1, '0', 0, '2024-03-05 11:02:02'),
(276, 64, 1, 'Lottery', '12', '200', '10', 0, NULL, 1, '0', 0, '2024-03-05 11:00:08'),
(277, 64, 2, 'Lot 11 am', '12', '200', '10', 1, NULL, 1, '0', 0, '2024-03-05 11:02:02'),
(278, 65, 3, 'Lot 11 am 1', '03', '1000', '50', 0, NULL, 1, '0', 0, '2024-03-05 11:27:22'),
(279, 65, 5, 'another', '03', '1000', '50', 0, NULL, 1, '0', 0, '2024-03-05 11:27:22'),
(280, 65, 2, 'Lot 11 am', '03', '1000', '50', 0, NULL, 1, '0', 0, '2024-03-05 11:27:22'),
(281, 65, 1, 'Lottery', '03', '1000', '50', 0, NULL, 1, '0', 0, '2024-03-05 11:27:22'),
(282, 65, 3, 'Lot 11 am 1', '04', '1000', '50', 0, NULL, 1, '0', 0, '2024-03-05 11:27:22'),
(283, 65, 5, 'another', '04', '1000', '50', 0, NULL, 1, '0', 0, '2024-03-05 11:27:22'),
(284, 65, 2, 'Lot 11 am', '04', '1000', '50', 0, NULL, 1, '0', 0, '2024-03-05 11:27:22'),
(285, 65, 1, 'Lottery', '04', '1000', '50', 0, NULL, 1, '0', 0, '2024-03-05 11:27:22'),
(286, 65, 3, 'Lot 11 am 1', '10', '1000', '50', 0, NULL, 1, '0', 0, '2024-03-05 11:27:22'),
(287, 65, 5, 'another', '10', '1000', '50', 0, NULL, 1, '0', 0, '2024-03-05 11:27:22'),
(288, 65, 2, 'Lot 11 am', '10', '1000', '50', 0, NULL, 1, '0', 0, '2024-03-05 11:27:22'),
(289, 65, 1, 'Lottery', '10', '1000', '50', 0, NULL, 1, '0', 0, '2024-03-05 11:27:22'),
(297, 68, 1, 'Lottery', '25', '10000', '500', 0, NULL, 1, '0', 0, '2024-03-16 19:37:27'),
(298, 69, 1, 'Lottery', '22', '800', '40', 0, NULL, 1, '0', 0, '2024-03-16 19:53:29'),
(299, 70, 1, 'Lottery', '22', '1200', '60.00', 0, NULL, 1, '0', 0, '2024-03-17 12:13:20'),
(300, 70, 1, 'Lottery', '23', '1200', '60.00', 0, NULL, 1, '0', 0, '2024-03-17 12:13:20'),
(301, 70, 1, 'Lottery', '32', '1200', '60.00', 0, NULL, 1, '0', 0, '2024-03-17 12:13:20'),
(302, 71, 2, 'Lot 11 am', '31', '40', '2.00', 0, NULL, 1, '0', 0, '2024-03-19 19:00:27'),
(303, 71, 2, 'Lot 11 am', '32', '40', '2.00', 0, NULL, 1, '0', 0, '2024-03-19 19:00:27'),
(304, 71, 2, 'Lot 11 am', '33', '40', '2.00', 0, NULL, 1, '0', 0, '2024-03-19 19:00:27'),
(305, 72, 1, 'Lottery', '01', '1000', '50', 0, NULL, 1, '0', 0, '2024-04-15 07:46:49'),
(306, 72, 1, 'Lottery', '02', '1000', '50', 0, NULL, 1, '0', 0, '2024-04-15 07:46:49'),
(307, 72, 1, 'Lottery', '03', '1000', '50', 0, NULL, 1, '0', 0, '2024-04-15 07:46:49'),
(308, 72, 1, 'Lottery', '04', '1000', '50', 0, NULL, 1, '0', 0, '2024-04-15 07:46:49'),
(309, 72, 1, 'Lottery', '05', '1000', '50', 0, NULL, 1, '0', 0, '2024-04-15 07:46:49'),
(310, 73, 1, 'Lottery', '01', '1000', '50', 0, NULL, 1, '0', 0, '2024-04-15 09:39:31'),
(311, 73, 1, 'Lottery', '02', '1000', '50', 0, NULL, 1, '0', 0, '2024-04-15 09:39:31'),
(312, 74, 1, 'Lottery', '01', '1000', '50', 0, NULL, 1, '0', 0, '2024-04-15 11:10:01'),
(313, 74, 1, 'Lottery', '02', '1000', '50', 0, NULL, 1, '0', 0, '2024-04-15 11:10:01'),
(314, 75, 1, 'Lottery', '01', '40', '2.00', 0, NULL, 1, '0', 0, '2024-04-15 12:22:25'),
(315, 76, 1, 'Lottery', '02', '50', '50', 0, NULL, 1, '0', 0, '2024-04-15 12:40:12'),
(316, 76, 1, 'Lottery', '01', '50', '50', 0, NULL, 1, '0', 0, '2024-04-15 12:40:12'),
(317, 77, 1, 'Lottery', '01', '50', '50', 0, NULL, 1, '0', 0, '2024-04-15 13:01:43'),
(318, 78, 18, 'Honduras 9 PM', '01', '2.5', '2.50', 1, NULL, 1, '0', 0, '2024-04-19 04:16:04'),
(319, 78, 19, 'Nicaragua 9 PM', '01', '2.5', '2.50', 1, NULL, 1, '0', 0, '2024-04-19 04:16:10'),
(320, 78, 20, 'Salvador 9 PM', '01', '2.5', '2.50', 1, NULL, 1, '0', 0, '2024-04-19 04:16:25'),
(321, 78, 18, 'Honduras 9 PM', '10', '2.5', '2.50', 1, NULL, 1, '0', 0, '2024-04-19 04:16:04'),
(322, 78, 19, 'Nicaragua 9 PM', '10', '2.5', '2.50', 1, NULL, 1, '0', 0, '2024-04-19 04:16:10'),
(323, 78, 20, 'Salvador 9 PM', '10', '2.5', '2.50', 1, NULL, 1, '0', 0, '2024-04-19 04:16:25'),
(324, 78, 18, 'Honduras 9 PM', '02', '2.5', '2.50', 1, NULL, 1, '0', 0, '2024-04-19 04:16:04'),
(325, 78, 19, 'Nicaragua 9 PM', '02', '2.5', '2.50', 1, NULL, 1, '0', 0, '2024-04-19 04:16:10'),
(326, 78, 20, 'Salvador 9 PM', '02', '2.5', '2.50', 1, NULL, 1, '0', 0, '2024-04-19 04:16:25'),
(327, 78, 18, 'Honduras 9 PM', '20', '2.5', '2.50', 1, NULL, 1, '0', 0, '2024-04-19 04:16:04'),
(328, 78, 19, 'Nicaragua 9 PM', '20', '2.5', '2.50', 1, NULL, 1, '0', 0, '2024-04-19 04:16:10'),
(329, 78, 20, 'Salvador 9 PM', '20', '2.5', '2.50', 1, NULL, 1, '0', 0, '2024-04-19 04:16:25'),
(330, 78, 18, 'Honduras 9 PM', '22', '2.5', '2.50', 1, NULL, 1, '0', 0, '2024-04-19 04:16:04'),
(331, 78, 19, 'Nicaragua 9 PM', '22', '2.5', '2.50', 1, NULL, 1, '0', 0, '2024-04-19 04:16:10'),
(332, 78, 20, 'Salvador 9 PM', '22', '2.5', '2.50', 1, NULL, 1, '0', 0, '2024-04-19 04:16:25'),
(333, 78, 18, 'Honduras 9 PM', '23', '2.5', '2.50', 1, NULL, 1, '0', 0, '2024-04-19 04:16:04'),
(334, 78, 19, 'Nicaragua 9 PM', '23', '2.5', '2.50', 1, NULL, 1, '0', 0, '2024-04-19 04:16:10'),
(335, 78, 20, 'Salvador 9 PM', '23', '2.5', '2.50', 1, NULL, 1, '0', 0, '2024-04-19 04:16:25'),
(336, 78, 18, 'Honduras 9 PM', '32', '2.5', '2.50', 1, NULL, 1, '0', 0, '2024-04-19 04:16:04'),
(337, 78, 19, 'Nicaragua 9 PM', '32', '2.5', '2.50', 1, NULL, 1, '0', 0, '2024-04-19 04:16:10'),
(338, 78, 20, 'Salvador 9 PM', '32', '2.5', '2.50', 1, NULL, 1, '0', 0, '2024-04-19 04:16:25'),
(339, 78, 18, 'Honduras 9 PM', '25', '2.5', '2.50', 1, NULL, 1, '0', 0, '2024-04-19 04:16:04'),
(340, 78, 19, 'Nicaragua 9 PM', '25', '2.5', '2.50', 1, NULL, 1, '0', 0, '2024-04-19 04:16:10'),
(341, 78, 20, 'Salvador 9 PM', '25', '2.5', '2.50', 1, NULL, 1, '0', 0, '2024-04-19 04:16:25'),
(342, 78, 18, 'Honduras 9 PM', '52', '2.5', '2.50', 1, NULL, 1, '0', 0, '2024-04-19 04:16:04'),
(343, 78, 19, 'Nicaragua 9 PM', '52', '2.5', '2.50', 1, NULL, 1, '0', 0, '2024-04-19 04:16:10'),
(344, 78, 20, 'Salvador 9 PM', '52', '2.5', '2.50', 1, NULL, 1, '0', 0, '2024-04-19 04:16:25'),
(345, 78, 18, 'Honduras 9 PM', '61', '2.5', '2.50', 1, NULL, 1, '0', 0, '2024-04-19 04:16:04'),
(346, 78, 19, 'Nicaragua 9 PM', '61', '2.5', '2.50', 1, NULL, 1, '0', 0, '2024-04-19 04:16:10'),
(347, 78, 20, 'Salvador 9 PM', '61', '2.5', '2.50', 1, NULL, 1, '0', 0, '2024-04-19 04:16:25'),
(348, 78, 18, 'Honduras 9 PM', '16', '2.5', '2.50', 1, NULL, 1, '0', 0, '2024-04-19 04:16:04'),
(349, 78, 19, 'Nicaragua 9 PM', '16', '2.5', '2.50', 1, NULL, 1, '0', 0, '2024-04-19 04:16:10'),
(350, 78, 20, 'Salvador 9 PM', '16', '2.5', '2.50', 1, NULL, 1, '0', 0, '2024-04-19 04:16:25'),
(351, 78, 18, 'Honduras 9 PM', '07', '2.5', '2.50', 1, NULL, 1, '0', 0, '2024-04-19 04:16:04'),
(352, 78, 19, 'Nicaragua 9 PM', '07', '2.5', '2.50', 1, NULL, 1, '0', 0, '2024-04-19 04:16:10'),
(353, 78, 20, 'Salvador 9 PM', '07', '2.5', '2.50', 1, NULL, 1, '0', 0, '2024-04-19 04:16:25'),
(354, 78, 18, 'Honduras 9 PM', '70', '2.5', '2.50', 1, NULL, 1, '0', 0, '2024-04-19 04:16:04'),
(355, 78, 19, 'Nicaragua 9 PM', '70', '2.5', '2.50', 1, NULL, 1, '0', 0, '2024-04-19 04:16:10'),
(356, 78, 20, 'Salvador 9 PM', '70', '2.5', '2.50', 1, NULL, 1, '0', 0, '2024-04-19 04:16:25'),
(357, 78, 18, 'Honduras 9 PM', '57', '2.5', '2.50', 1, NULL, 1, '0', 0, '2024-04-19 04:16:04'),
(358, 78, 19, 'Nicaragua 9 PM', '57', '2.5', '2.50', 1, NULL, 1, '0', 0, '2024-04-19 04:16:10'),
(359, 78, 20, 'Salvador 9 PM', '57', '2.5', '2.50', 1, NULL, 1, '0', 0, '2024-04-19 04:16:25'),
(360, 78, 18, 'Honduras 9 PM', '75', '2.5', '2.50', 1, NULL, 1, '0', 0, '2024-04-19 04:16:04'),
(361, 78, 19, 'Nicaragua 9 PM', '75', '2.5', '2.50', 1, NULL, 1, '0', 0, '2024-04-19 04:16:10'),
(362, 78, 20, 'Salvador 9 PM', '75', '2.5', '2.50', 1, NULL, 1, '0', 0, '2024-04-19 04:16:25'),
(363, 79, 1, 'Lottery', '01', '1', '1.00', 0, NULL, 1, '0', 0, '2024-04-16 16:25:31'),
(364, 80, 13, 'Honduras 3 PM', '02', '2.5', '2.50', 0, NULL, 1, '0', 0, '2024-04-17 20:04:37'),
(365, 80, 14, 'Nicaragua 3 PM', '02', '2.5', '2.50', 0, NULL, 1, '0', 0, '2024-04-17 20:04:37'),
(366, 80, 13, 'Honduras 3 PM', '20', '2.5', '2.50', 0, NULL, 1, '0', 0, '2024-04-17 20:04:37'),
(367, 80, 14, 'Nicaragua 3 PM', '20', '2.5', '2.50', 0, NULL, 1, '0', 0, '2024-04-17 20:04:37'),
(368, 80, 13, 'Honduras 3 PM', '03', '2.5', '2.50', 0, NULL, 1, '0', 0, '2024-04-17 20:04:37'),
(369, 80, 14, 'Nicaragua 3 PM', '03', '2.5', '2.50', 0, NULL, 1, '0', 0, '2024-04-17 20:04:37'),
(370, 80, 13, 'Honduras 3 PM', '30', '2.5', '2.50', 0, NULL, 1, '0', 0, '2024-04-17 20:04:37'),
(371, 80, 14, 'Nicaragua 3 PM', '30', '2.5', '2.50', 0, NULL, 1, '0', 0, '2024-04-17 20:04:37'),
(372, 81, 9, 'Honduras 11 AM', '04', '3.75', '3.75', 0, NULL, 1, '0', 0, '2024-04-18 16:07:21'),
(373, 81, 10, 'Nicaragua 11 AM', '04', '3.75', '3.75', 0, NULL, 1, '0', 0, '2024-04-18 16:07:21'),
(374, 81, 11, 'Salvador 11 AM', '04', '3.75', '3.75', 0, NULL, 1, '0', 0, '2024-04-18 16:07:21'),
(375, 81, 9, 'Honduras 11 AM', '40', '3.75', '3.75', 0, NULL, 1, '0', 0, '2024-04-18 16:07:21'),
(376, 81, 10, 'Nicaragua 11 AM', '40', '3.75', '3.75', 0, NULL, 1, '0', 0, '2024-04-18 16:07:21'),
(377, 81, 11, 'Salvador 11 AM', '40', '3.75', '3.75', 0, NULL, 1, '0', 0, '2024-04-18 16:07:21'),
(378, 81, 9, 'Honduras 11 AM', '05', '3.75', '3.75', 0, NULL, 1, '0', 0, '2024-04-18 16:07:21'),
(379, 81, 10, 'Nicaragua 11 AM', '05', '3.75', '3.75', 0, NULL, 1, '0', 0, '2024-04-18 16:07:21'),
(380, 81, 11, 'Salvador 11 AM', '05', '3.75', '3.75', 0, NULL, 1, '0', 0, '2024-04-18 16:07:21'),
(381, 81, 9, 'Honduras 11 AM', '50', '3.75', '3.75', 0, NULL, 1, '0', 0, '2024-04-18 16:07:21'),
(382, 81, 10, 'Nicaragua 11 AM', '50', '3.75', '3.75', 0, NULL, 1, '0', 0, '2024-04-18 16:07:21'),
(383, 81, 11, 'Salvador 11 AM', '50', '3.75', '3.75', 0, NULL, 1, '0', 0, '2024-04-18 16:07:21'),
(384, 81, 9, 'Honduras 11 AM', '24', '3.75', '3.75', 0, NULL, 1, '0', 0, '2024-04-18 16:07:21'),
(385, 81, 10, 'Nicaragua 11 AM', '24', '3.75', '3.75', 0, NULL, 1, '0', 0, '2024-04-18 16:07:21'),
(386, 81, 11, 'Salvador 11 AM', '24', '3.75', '3.75', 0, NULL, 1, '0', 0, '2024-04-18 16:07:21'),
(387, 81, 9, 'Honduras 11 AM', '42', '3.75', '3.75', 0, NULL, 1, '0', 0, '2024-04-18 16:07:21'),
(388, 81, 10, 'Nicaragua 11 AM', '42', '3.75', '3.75', 0, NULL, 1, '0', 0, '2024-04-18 16:07:21'),
(389, 81, 11, 'Salvador 11 AM', '42', '3.75', '3.75', 0, NULL, 1, '0', 0, '2024-04-18 16:07:21'),
(390, 82, 18, 'Honduras 9 PM', '01', '5', '5.00', 1, NULL, 1, '0', 0, '2024-04-19 04:16:04'),
(391, 82, 19, 'Nicaragua 9 PM', '01', '5', '5.00', 1, NULL, 1, '0', 0, '2024-04-19 04:16:10'),
(392, 82, 20, 'Salvador 9 PM', '01', '5', '5.00', 1, NULL, 1, '0', 0, '2024-04-19 04:16:25'),
(393, 82, 21, 'BOLIDO', '01', '5', '5.00', 1, NULL, 1, '0', 0, '2024-04-19 04:16:16'),
(394, 82, 18, 'Honduras 9 PM', '10', '5', '5.00', 1, NULL, 1, '0', 0, '2024-04-19 04:16:04'),
(395, 82, 19, 'Nicaragua 9 PM', '10', '5', '5.00', 1, NULL, 1, '0', 0, '2024-04-19 04:16:10'),
(396, 82, 20, 'Salvador 9 PM', '10', '5', '5.00', 1, NULL, 1, '0', 0, '2024-04-19 04:16:25'),
(397, 82, 21, 'BOLIDO', '10', '5', '5.00', 1, NULL, 1, '0', 0, '2024-04-19 04:16:16'),
(398, 82, 18, 'Honduras 9 PM', '02', '5', '5.00', 1, NULL, 1, '0', 0, '2024-04-19 04:16:04'),
(399, 82, 19, 'Nicaragua 9 PM', '02', '5', '5.00', 1, NULL, 1, '0', 0, '2024-04-19 04:16:10'),
(400, 82, 20, 'Salvador 9 PM', '02', '5', '5.00', 1, NULL, 1, '0', 0, '2024-04-19 04:16:25'),
(401, 82, 21, 'BOLIDO', '02', '5', '5.00', 1, NULL, 1, '0', 0, '2024-04-19 04:16:16'),
(402, 82, 18, 'Honduras 9 PM', '20', '5', '5.00', 1, NULL, 1, '0', 0, '2024-04-19 04:16:04'),
(403, 82, 19, 'Nicaragua 9 PM', '20', '5', '5.00', 1, NULL, 1, '0', 0, '2024-04-19 04:16:10'),
(404, 82, 20, 'Salvador 9 PM', '20', '5', '5.00', 1, NULL, 1, '0', 0, '2024-04-19 04:16:25'),
(405, 82, 21, 'BOLIDO', '20', '5', '5.00', 1, NULL, 1, '0', 0, '2024-04-19 04:16:16'),
(406, 82, 18, 'Honduras 9 PM', '44', '5', '5.00', 1, NULL, 1, '0', 0, '2024-04-19 04:16:04'),
(407, 82, 19, 'Nicaragua 9 PM', '44', '5', '5.00', 1, NULL, 1, '0', 0, '2024-04-19 04:16:10'),
(408, 82, 20, 'Salvador 9 PM', '44', '5', '5.00', 1, NULL, 1, '0', 0, '2024-04-19 04:16:25'),
(409, 82, 21, 'BOLIDO', '44', '5', '5.00', 1, NULL, 1, '0', 0, '2024-04-19 04:16:16'),
(410, 82, 18, 'Honduras 9 PM', '18', '5', '5.00', 1, NULL, 1, '0', 0, '2024-04-19 04:16:04'),
(411, 82, 19, 'Nicaragua 9 PM', '18', '5', '5.00', 1, NULL, 1, '400', 0, '2024-04-19 04:16:10'),
(412, 82, 20, 'Salvador 9 PM', '18', '5', '5.00', 1, NULL, 1, '0', 0, '2024-04-19 04:16:25'),
(413, 82, 21, 'BOLIDO', '18', '5', '5.00', 1, NULL, 1, '0', 0, '2024-04-19 04:16:16'),
(414, 82, 18, 'Honduras 9 PM', '81', '5', '5.00', 1, NULL, 1, '0', 0, '2024-04-19 04:16:04'),
(415, 82, 19, 'Nicaragua 9 PM', '81', '5', '5.00', 1, NULL, 1, '0', 0, '2024-04-19 04:16:10'),
(416, 82, 20, 'Salvador 9 PM', '81', '5', '5.00', 1, NULL, 1, '0', 0, '2024-04-19 04:16:25'),
(417, 82, 21, 'BOLIDO', '81', '5', '5.00', 1, NULL, 1, '0', 0, '2024-04-19 04:16:16'),
(418, 82, 18, 'Honduras 9 PM', '23', '5', '5.00', 1, NULL, 1, '0', 0, '2024-04-19 04:16:04'),
(419, 82, 19, 'Nicaragua 9 PM', '23', '5', '5.00', 1, NULL, 1, '0', 0, '2024-04-19 04:16:10'),
(420, 82, 20, 'Salvador 9 PM', '23', '5', '5.00', 1, NULL, 1, '0', 0, '2024-04-19 04:16:25'),
(421, 82, 21, 'BOLIDO', '23', '5', '5.00', 1, NULL, 1, '0', 0, '2024-04-19 04:16:16'),
(422, 82, 18, 'Honduras 9 PM', '32', '5', '5.00', 1, NULL, 1, '0', 0, '2024-04-19 04:16:04'),
(423, 82, 19, 'Nicaragua 9 PM', '32', '5', '5.00', 1, NULL, 1, '0', 0, '2024-04-19 04:16:10'),
(424, 82, 20, 'Salvador 9 PM', '32', '5', '5.00', 1, NULL, 1, '0', 0, '2024-04-19 04:16:25'),
(425, 82, 21, 'BOLIDO', '32', '5', '5.00', 1, NULL, 1, '0', 0, '2024-04-19 04:16:16'),
(426, 82, 18, 'Honduras 9 PM', '99', '5', '5.00', 1, NULL, 1, '0', 0, '2024-04-19 04:16:04'),
(427, 82, 19, 'Nicaragua 9 PM', '99', '5', '5.00', 1, NULL, 1, '0', 0, '2024-04-19 04:16:10'),
(428, 82, 20, 'Salvador 9 PM', '99', '5', '5.00', 1, NULL, 1, '0', 0, '2024-04-19 04:16:25'),
(429, 82, 21, 'BOLIDO', '99', '5', '5.00', 1, NULL, 1, '400', 0, '2024-04-19 04:16:16'),
(430, 82, 18, 'Honduras 9 PM', '06', '5', '5.00', 1, NULL, 1, '0', 0, '2024-04-19 04:16:04'),
(431, 82, 19, 'Nicaragua 9 PM', '06', '5', '5.00', 1, NULL, 1, '0', 0, '2024-04-19 04:16:10'),
(432, 82, 20, 'Salvador 9 PM', '06', '5', '5.00', 1, NULL, 1, '0', 0, '2024-04-19 04:16:25'),
(433, 82, 21, 'BOLIDO', '06', '5', '5.00', 1, NULL, 1, '0', 0, '2024-04-19 04:16:16'),
(434, 82, 18, 'Honduras 9 PM', '60', '5', '5.00', 1, NULL, 1, '0', 0, '2024-04-19 04:16:04'),
(435, 82, 19, 'Nicaragua 9 PM', '60', '5', '5.00', 1, NULL, 1, '0', 0, '2024-04-19 04:16:10'),
(436, 82, 20, 'Salvador 9 PM', '60', '5', '5.00', 1, NULL, 1, '400', 0, '2024-04-19 04:16:25'),
(437, 82, 21, 'BOLIDO', '60', '5', '5.00', 1, NULL, 1, '0', 0, '2024-04-19 04:16:16'),
(438, 82, 18, 'Honduras 9 PM', '47', '5', '5.00', 1, NULL, 1, '0', 0, '2024-04-19 04:16:04'),
(439, 82, 19, 'Nicaragua 9 PM', '47', '5', '5.00', 1, NULL, 1, '0', 0, '2024-04-19 04:16:10'),
(440, 82, 20, 'Salvador 9 PM', '47', '5', '5.00', 1, NULL, 1, '0', 0, '2024-04-19 04:16:25'),
(441, 82, 21, 'BOLIDO', '47', '5', '5.00', 1, NULL, 1, '0', 0, '2024-04-19 04:16:16'),
(442, 82, 18, 'Honduras 9 PM', '74', '5', '5.00', 1, NULL, 1, '0', 0, '2024-04-19 04:16:04'),
(443, 82, 19, 'Nicaragua 9 PM', '74', '5', '5.00', 1, NULL, 1, '0', 0, '2024-04-19 04:16:10'),
(444, 82, 20, 'Salvador 9 PM', '74', '5', '5.00', 1, NULL, 1, '0', 0, '2024-04-19 04:16:25'),
(445, 82, 21, 'BOLIDO', '74', '5', '5.00', 1, NULL, 1, '0', 0, '2024-04-19 04:16:16'),
(446, 82, 18, 'Honduras 9 PM', '66', '5', '5.00', 1, NULL, 1, '0', 0, '2024-04-19 04:16:04'),
(447, 82, 19, 'Nicaragua 9 PM', '66', '5', '5.00', 1, NULL, 1, '0', 0, '2024-04-19 04:16:10'),
(448, 82, 20, 'Salvador 9 PM', '66', '5', '5.00', 1, NULL, 1, '0', 0, '2024-04-19 04:16:25'),
(449, 82, 21, 'BOLIDO', '66', '5', '5.00', 1, NULL, 1, '0', 0, '2024-04-19 04:16:16'),
(450, 82, 18, 'Honduras 9 PM', '39', '5', '5.00', 1, NULL, 1, '0', 0, '2024-04-19 04:16:04'),
(451, 82, 19, 'Nicaragua 9 PM', '39', '5', '5.00', 1, NULL, 1, '0', 0, '2024-04-19 04:16:10'),
(452, 82, 20, 'Salvador 9 PM', '39', '5', '5.00', 1, NULL, 1, '0', 0, '2024-04-19 04:16:25'),
(453, 82, 21, 'BOLIDO', '39', '5', '5.00', 1, NULL, 1, '0', 0, '2024-04-19 04:16:16'),
(454, 82, 18, 'Honduras 9 PM', '93', '5', '5.00', 1, NULL, 1, '0', 0, '2024-04-19 04:16:04'),
(455, 82, 19, 'Nicaragua 9 PM', '93', '5', '5.00', 1, NULL, 1, '0', 0, '2024-04-19 04:16:10'),
(456, 82, 20, 'Salvador 9 PM', '93', '5', '5.00', 1, NULL, 1, '0', 0, '2024-04-19 04:16:25'),
(457, 82, 21, 'BOLIDO', '93', '5', '5.00', 1, NULL, 1, '0', 0, '2024-04-19 04:16:16'),
(458, 83, 9, 'Honduras 11 AM', '01', '25', '25.00', 0, NULL, 1, '0', 0, '2024-04-19 04:30:13'),
(459, 84, 9, 'Honduras 11 AM', '01', '25', '25.00', 0, NULL, 1, '0', 0, '2024-04-19 04:30:36'),
(460, 85, 9, 'Honduras 11 AM', '01', '2.5', '2.50', 0, NULL, 1, '0', 0, '2024-04-19 04:30:50'),
(461, 86, 1, 'Lottery', '67', '3.75', '3.75', 0, NULL, 1, '0', 0, '2024-04-19 14:01:11'),
(462, 86, 2, 'Lot 11 am', '67', '3.75', '3.75', 0, NULL, 1, '0', 0, '2024-04-19 14:01:11'),
(463, 86, 1, 'Lottery', '01', '3.75', '3.75', 0, NULL, 1, '0', 0, '2024-04-19 14:01:11'),
(464, 86, 2, 'Lot 11 am', '01', '3.75', '3.75', 0, NULL, 1, '0', 0, '2024-04-19 14:01:11'),
(465, 87, 1, 'Lottery', '12', '2.5', '2.50', 0, NULL, 1, '0', 0, '2024-04-19 17:42:31'),
(466, 87, 2, 'Lot 11 am', '12', '2.5', '2.50', 0, NULL, 1, '0', 0, '2024-04-19 17:42:31'),
(467, 87, 3, 'Lot 11 am 1', '12', '2.5', '2.50', 0, NULL, 1, '0', 0, '2024-04-19 17:42:31'),
(468, 87, 5, 'another', '12', '2.5', '2.50', 0, NULL, 1, '0', 0, '2024-04-19 17:42:31'),
(469, 87, 1, 'Lottery', '13', '2.5', '2.50', 0, NULL, 1, '0', 0, '2024-04-19 17:42:31'),
(470, 87, 2, 'Lot 11 am', '13', '2.5', '2.50', 0, NULL, 1, '0', 0, '2024-04-19 17:42:31'),
(471, 87, 3, 'Lot 11 am 1', '13', '2.5', '2.50', 0, NULL, 1, '0', 0, '2024-04-19 17:42:31'),
(472, 87, 5, 'another', '13', '2.5', '2.50', 0, NULL, 1, '0', 0, '2024-04-19 17:42:31'),
(473, 87, 1, 'Lottery', '14', '2.5', '2.50', 0, NULL, 1, '0', 0, '2024-04-19 17:42:31'),
(474, 87, 2, 'Lot 11 am', '14', '2.5', '2.50', 0, NULL, 1, '0', 0, '2024-04-19 17:42:31'),
(475, 87, 3, 'Lot 11 am 1', '14', '2.5', '2.50', 0, NULL, 1, '0', 0, '2024-04-19 17:42:31'),
(476, 87, 5, 'another', '14', '2.5', '2.50', 0, NULL, 1, '0', 0, '2024-04-19 17:42:31'),
(477, 87, 1, 'Lottery', '16', '2.5', '2.50', 0, NULL, 1, '0', 0, '2024-04-19 17:42:31'),
(478, 87, 2, 'Lot 11 am', '16', '2.5', '2.50', 0, NULL, 1, '0', 0, '2024-04-19 17:42:31'),
(479, 87, 3, 'Lot 11 am 1', '16', '2.5', '2.50', 0, NULL, 1, '0', 0, '2024-04-19 17:42:31'),
(480, 87, 5, 'another', '16', '2.5', '2.50', 0, NULL, 1, '0', 0, '2024-04-19 17:42:31'),
(481, 87, 1, 'Lottery', '15', '2.5', '2.50', 0, NULL, 1, '0', 0, '2024-04-19 17:42:31'),
(482, 87, 2, 'Lot 11 am', '15', '2.5', '2.50', 0, NULL, 1, '0', 0, '2024-04-19 17:42:31'),
(483, 87, 3, 'Lot 11 am 1', '15', '2.5', '2.50', 0, NULL, 1, '0', 0, '2024-04-19 17:42:31'),
(484, 87, 5, 'another', '15', '2.5', '2.50', 0, NULL, 1, '0', 0, '2024-04-19 17:42:31'),
(485, 88, 1, 'Lottery', '05', '1', '1', 0, NULL, 1, '0', 0, '2024-04-19 22:32:35'),
(486, 88, 3, 'Lot 11 am 1', '05', '1', '1', 0, NULL, 1, '0', 0, '2024-04-19 22:32:35'),
(487, 89, 1, 'Lottery', '05', '1', '1', 0, NULL, 1, '0', 0, '2024-04-21 11:37:11'),
(488, 89, 2, 'Lot 11 am', '05', '1', '1', 0, NULL, 1, '0', 0, '2024-04-21 11:37:11'),
(489, 89, 3, 'Lot 11 am 1', '05', '1', '1', 0, NULL, 1, '0', 0, '2024-04-21 11:37:11'),
(490, 89, 5, 'another', '05', '1', '1', 0, NULL, 1, '0', 0, '2024-04-21 11:37:11'),
(491, 89, 1, 'Lottery', '06', '1', '1', 0, NULL, 1, '0', 0, '2024-04-21 11:37:11'),
(492, 89, 2, 'Lot 11 am', '06', '1', '1', 0, NULL, 1, '0', 0, '2024-04-21 11:37:11'),
(493, 89, 3, 'Lot 11 am 1', '06', '1', '1', 0, NULL, 1, '0', 0, '2024-04-21 11:37:11'),
(494, 89, 5, 'another', '06', '1', '1', 0, NULL, 1, '0', 0, '2024-04-21 11:37:11'),
(495, 89, 1, 'Lottery', '07', '1', '1', 0, NULL, 1, '0', 0, '2024-04-21 11:37:11'),
(496, 89, 2, 'Lot 11 am', '07', '1', '1', 0, NULL, 1, '0', 0, '2024-04-21 11:37:11'),
(497, 89, 3, 'Lot 11 am 1', '07', '1', '1', 0, NULL, 1, '0', 0, '2024-04-21 11:37:11'),
(498, 89, 5, 'another', '07', '1', '1', 0, NULL, 1, '0', 0, '2024-04-21 11:37:11'),
(499, 89, 1, 'Lottery', '08', '1', '1', 0, NULL, 1, '0', 0, '2024-04-21 11:37:11'),
(500, 89, 2, 'Lot 11 am', '08', '1', '1', 0, NULL, 1, '0', 0, '2024-04-21 11:37:11'),
(501, 89, 3, 'Lot 11 am 1', '08', '1', '1', 0, NULL, 1, '0', 0, '2024-04-21 11:37:11'),
(502, 89, 5, 'another', '08', '1', '1', 0, NULL, 1, '0', 0, '2024-04-21 11:37:11'),
(503, 89, 1, 'Lottery', '09', '1', '1', 0, NULL, 1, '0', 0, '2024-04-21 11:37:11'),
(504, 89, 2, 'Lot 11 am', '09', '1', '1', 0, NULL, 1, '0', 0, '2024-04-21 11:37:11'),
(505, 89, 3, 'Lot 11 am 1', '09', '1', '1', 0, NULL, 1, '0', 0, '2024-04-21 11:37:11'),
(506, 89, 5, 'another', '09', '1', '1', 0, NULL, 1, '0', 0, '2024-04-21 11:37:11'),
(507, 90, 1, 'Lottery', '04', '2', '2.00', 0, NULL, 1, '0', 0, '2024-04-21 11:39:29'),
(508, 90, 2, 'Lot 11 am', '04', '2', '2.00', 0, NULL, 1, '0', 0, '2024-04-21 11:39:29'),
(509, 90, 1, 'Lottery', '05', '2', '2.00', 0, NULL, 1, '0', 0, '2024-04-21 11:39:29'),
(510, 90, 2, 'Lot 11 am', '05', '2', '2.00', 0, NULL, 1, '0', 0, '2024-04-21 11:39:29'),
(511, 90, 1, 'Lottery', '06', '2', '2.00', 0, NULL, 1, '0', 0, '2024-04-21 11:39:29'),
(512, 90, 2, 'Lot 11 am', '06', '2', '2.00', 0, NULL, 1, '0', 0, '2024-04-21 11:39:29'),
(513, 90, 1, 'Lottery', '07', '2', '2.00', 0, NULL, 1, '0', 0, '2024-04-21 11:39:29'),
(514, 90, 2, 'Lot 11 am', '07', '2', '2.00', 0, NULL, 1, '0', 0, '2024-04-21 11:39:29'),
(515, 90, 1, 'Lottery', '08', '2', '2.00', 0, NULL, 1, '0', 0, '2024-04-21 11:39:29'),
(516, 90, 2, 'Lot 11 am', '08', '2', '2.00', 0, NULL, 1, '0', 0, '2024-04-21 11:39:29'),
(517, 90, 1, 'Lottery', '09', '2', '2.00', 0, NULL, 1, '0', 0, '2024-04-21 11:39:29'),
(518, 90, 2, 'Lot 11 am', '09', '2', '2.00', 0, NULL, 1, '0', 0, '2024-04-21 11:39:29'),
(519, 91, 1, 'Lottery', '04', '2', '2.00', 0, NULL, 1, '0', 0, '2024-04-21 11:45:53'),
(520, 91, 2, 'Lot 11 am', '04', '2', '2.00', 0, NULL, 1, '0', 0, '2024-04-21 11:45:53'),
(521, 91, 5, 'another', '04', '2', '2.00', 0, NULL, 1, '0', 0, '2024-04-21 11:45:53'),
(522, 91, 1, 'Lottery', '05', '2', '2.00', 0, NULL, 1, '0', 0, '2024-04-21 11:45:53'),
(523, 91, 2, 'Lot 11 am', '05', '2', '2.00', 0, NULL, 1, '0', 0, '2024-04-21 11:45:53'),
(524, 91, 5, 'another', '05', '2', '2.00', 0, NULL, 1, '0', 0, '2024-04-21 11:45:53'),
(525, 91, 1, 'Lottery', '06', '2', '2.00', 0, NULL, 1, '0', 0, '2024-04-21 11:45:53'),
(526, 91, 2, 'Lot 11 am', '06', '2', '2.00', 0, NULL, 1, '0', 0, '2024-04-21 11:45:53'),
(527, 91, 5, 'another', '06', '2', '2.00', 0, NULL, 1, '0', 0, '2024-04-21 11:45:53'),
(528, 91, 1, 'Lottery', '07', '2', '2.00', 0, NULL, 1, '0', 0, '2024-04-21 11:45:53'),
(529, 91, 2, 'Lot 11 am', '07', '2', '2.00', 0, NULL, 1, '0', 0, '2024-04-21 11:45:53'),
(530, 91, 5, 'another', '07', '2', '2.00', 0, NULL, 1, '0', 0, '2024-04-21 11:45:53'),
(531, 92, 1, 'Lottery', '05', '2.5', '2.50', 0, NULL, 1, '0', 0, '2024-04-21 14:51:46'),
(532, 92, 2, 'Lot 11 am', '05', '2.5', '2.50', 0, NULL, 1, '0', 0, '2024-04-21 14:51:46'),
(533, 92, 3, 'Lot 11 am 1', '05', '2.5', '2.50', 0, NULL, 1, '0', 0, '2024-04-21 14:51:46'),
(534, 92, 5, 'another', '05', '2.5', '2.50', 0, NULL, 1, '0', 0, '2024-04-21 14:51:46'),
(535, 92, 1, 'Lottery', '06', '2.5', '2.50', 0, NULL, 1, '0', 0, '2024-04-21 14:51:46'),
(536, 92, 2, 'Lot 11 am', '06', '2.5', '2.50', 0, NULL, 1, '0', 0, '2024-04-21 14:51:46'),
(537, 92, 3, 'Lot 11 am 1', '06', '2.5', '2.50', 0, NULL, 1, '0', 0, '2024-04-21 14:51:46'),
(538, 92, 5, 'another', '06', '2.5', '2.50', 0, NULL, 1, '0', 0, '2024-04-21 14:51:46'),
(539, 92, 1, 'Lottery', '07', '2.5', '2.50', 0, NULL, 1, '0', 0, '2024-04-21 14:51:46'),
(540, 92, 2, 'Lot 11 am', '07', '2.5', '2.50', 0, NULL, 1, '0', 0, '2024-04-21 14:51:46'),
(541, 92, 3, 'Lot 11 am 1', '07', '2.5', '2.50', 0, NULL, 1, '0', 0, '2024-04-21 14:51:46'),
(542, 92, 5, 'another', '07', '2.5', '2.50', 0, NULL, 1, '0', 0, '2024-04-21 14:51:46'),
(543, 92, 1, 'Lottery', '08', '2.5', '2.50', 0, NULL, 1, '0', 0, '2024-04-21 14:51:46'),
(544, 92, 2, 'Lot 11 am', '08', '2.5', '2.50', 0, NULL, 1, '0', 0, '2024-04-21 14:51:46'),
(545, 92, 3, 'Lot 11 am 1', '08', '2.5', '2.50', 0, NULL, 1, '0', 0, '2024-04-21 14:51:46'),
(546, 92, 5, 'another', '08', '2.5', '2.50', 0, NULL, 1, '0', 0, '2024-04-21 14:51:46'),
(547, 92, 1, 'Lottery', '04', '2.5', '2.50', 0, NULL, 1, '0', 0, '2024-04-21 14:51:46'),
(548, 92, 2, 'Lot 11 am', '04', '2.5', '2.50', 0, NULL, 1, '0', 0, '2024-04-21 14:51:46'),
(549, 92, 3, 'Lot 11 am 1', '04', '2.5', '2.50', 0, NULL, 1, '0', 0, '2024-04-21 14:51:46'),
(550, 92, 5, 'another', '04', '2.5', '2.50', 0, NULL, 1, '0', 0, '2024-04-21 14:51:46'),
(551, 93, 1, 'Lottery', '23', '3', '3.00', 0, NULL, 1, '0', 0, '2024-04-21 15:41:25'),
(552, 93, 2, 'Lot 11 am', '23', '3', '3.00', 0, NULL, 1, '0', 0, '2024-04-21 15:41:25'),
(553, 93, 3, 'Lot 11 am 1', '23', '3', '3.00', 0, NULL, 1, '0', 0, '2024-04-21 15:41:25'),
(554, 93, 1, 'Lottery', '24', '3', '3.00', 0, NULL, 1, '0', 0, '2024-04-21 15:41:25'),
(555, 93, 2, 'Lot 11 am', '24', '3', '3.00', 0, NULL, 1, '0', 0, '2024-04-21 15:41:25'),
(556, 93, 3, 'Lot 11 am 1', '24', '3', '3.00', 0, NULL, 1, '0', 0, '2024-04-21 15:41:25'),
(557, 93, 1, 'Lottery', '25', '3', '3.00', 0, NULL, 1, '0', 0, '2024-04-21 15:41:25'),
(558, 93, 2, 'Lot 11 am', '25', '3', '3.00', 0, NULL, 1, '0', 0, '2024-04-21 15:41:25'),
(559, 93, 3, 'Lot 11 am 1', '25', '3', '3.00', 0, NULL, 1, '0', 0, '2024-04-21 15:41:25'),
(560, 93, 1, 'Lottery', '26', '3', '3.00', 0, NULL, 1, '0', 0, '2024-04-21 15:41:25'),
(561, 93, 2, 'Lot 11 am', '26', '3', '3.00', 0, NULL, 1, '0', 0, '2024-04-21 15:41:25'),
(562, 93, 3, 'Lot 11 am 1', '26', '3', '3.00', 0, NULL, 1, '0', 0, '2024-04-21 15:41:25'),
(563, 93, 1, 'Lottery', '27', '3', '3.00', 0, NULL, 1, '0', 0, '2024-04-21 15:41:25'),
(564, 93, 2, 'Lot 11 am', '27', '3', '3.00', 0, NULL, 1, '0', 0, '2024-04-21 15:41:25'),
(565, 93, 3, 'Lot 11 am 1', '27', '3', '3.00', 0, NULL, 1, '0', 0, '2024-04-21 15:41:25'),
(566, 94, 5, 'another', '01', '5', '5', 0, NULL, 1, '0', 0, '2024-04-21 16:32:17'),
(567, 94, 2, 'Lot 11 am', '01', '5', '5', 0, NULL, 1, '0', 0, '2024-04-21 16:32:17'),
(568, 94, 2, 'Lot 11 am', '02', '5', '5', 0, NULL, 1, '0', 0, '2024-04-21 16:32:17'),
(569, 95, 1, 'Lottery', '01', '120', '6', 0, NULL, 1, '0', 0, '2024-04-21 16:35:14'),
(570, 96, 1, 'Lottery', '01', '100', '5', 0, NULL, 1, '0', 0, '2024-04-21 16:37:53'),
(571, 96, 1, 'Lottery', '02', '100', '5', 0, NULL, 1, '0', 0, '2024-04-21 16:37:53'),
(572, 97, 9, 'Honduras 11 AM', '14', '50', '2.50', 0, NULL, 1, '0', 0, '2024-05-21 05:06:09'),
(573, 97, 9, 'Honduras 11 AM', '41', '50', '2.50', 0, NULL, 1, '0', 0, '2024-05-21 05:06:09'),
(574, 98, 9, 'Honduras 11 AM', '13', '50', '2.50', 0, NULL, 1, '0', 0, '2024-05-21 05:13:57'),
(575, 98, 9, 'Honduras 11 AM', '31', '50', '2.50', 0, NULL, 1, '0', 0, '2024-05-21 05:13:57'),
(576, 98, 9, 'Honduras 11 AM', '14', '50', '2.50', 0, NULL, 1, '0', 0, '2024-05-21 05:13:57'),
(577, 98, 9, 'Honduras 11 AM', '41', '50', '2.50', 0, NULL, 1, '0', 0, '2024-05-21 05:13:57'),
(578, 98, 9, 'Honduras 11 AM', '23', '50', '2.50', 0, NULL, 1, '0', 0, '2024-05-21 05:13:57');
INSERT INTO `order_item` (`order_item_id`, `order_id`, `product_id`, `product_name`, `lot_number`, `lot_frac`, `lot_amount`, `lottery_gone`, `transaction_paid_id`, `order_item_status`, `winning_amount`, `lotterycollected`, `adddatetime`) VALUES
(579, 98, 9, 'Honduras 11 AM', '32', '50', '2.50', 0, NULL, 1, '0', 0, '2024-05-21 05:13:57'),
(580, 98, 9, 'Honduras 11 AM', '15', '50', '2.50', 0, NULL, 1, '0', 0, '2024-05-21 05:13:57'),
(581, 98, 9, 'Honduras 11 AM', '51', '50', '2.50', 0, NULL, 1, '0', 0, '2024-05-21 05:13:57'),
(582, 98, 9, 'Honduras 11 AM', '34', '50', '2.50', 0, NULL, 1, '0', 0, '2024-05-21 05:13:57'),
(583, 98, 9, 'Honduras 11 AM', '43', '50', '2.50', 0, NULL, 1, '0', 0, '2024-05-21 05:13:57'),
(584, 99, 1, 'Lottery', '10', '5000', '250', 0, NULL, 1, '0', 0, '2024-05-21 06:09:00'),
(585, 99, 1, 'Lottery', '11', '5000', '250', 0, NULL, 1, '0', 0, '2024-05-21 06:09:00'),
(586, 99, 1, 'Lottery', '12', '5000', '250', 0, NULL, 1, '0', 0, '2024-05-21 06:09:00'),
(587, 99, 1, 'Lottery', '13', '5000', '250', 0, NULL, 1, '0', 0, '2024-05-21 06:09:00'),
(588, 99, 1, 'Lottery', '14', '5000', '250', 0, NULL, 1, '0', 0, '2024-05-21 06:09:00'),
(589, 99, 1, 'Lottery', '15', '5000', '250', 0, NULL, 1, '0', 0, '2024-05-21 06:09:00'),
(590, 99, 1, 'Lottery', '16', '5000', '250', 0, NULL, 1, '0', 0, '2024-05-21 06:09:00'),
(591, 99, 1, 'Lottery', '17', '5000', '250', 0, NULL, 1, '0', 0, '2024-05-21 06:09:00'),
(592, 99, 1, 'Lottery', '18', '5000', '250', 0, NULL, 1, '0', 0, '2024-05-21 06:09:00'),
(593, 99, 1, 'Lottery', '19', '5000', '250', 0, NULL, 1, '0', 0, '2024-05-21 06:09:00'),
(594, 99, 1, 'Lottery', '20', '5000', '250', 0, NULL, 1, '0', 0, '2024-05-21 06:09:00'),
(595, 99, 1, 'Lottery', '21', '5000', '250', 0, NULL, 1, '0', 0, '2024-05-21 06:09:00');

-- --------------------------------------------------------

--
-- Table structure for table `personal_access_tokens`
--

CREATE TABLE `personal_access_tokens` (
  `id` bigint(20) UNSIGNED NOT NULL,
  `tokenable_type` varchar(255) NOT NULL,
  `tokenable_id` bigint(20) UNSIGNED NOT NULL,
  `name` varchar(255) NOT NULL,
  `token` varchar(64) NOT NULL,
  `abilities` text DEFAULT NULL,
  `last_used_at` timestamp NULL DEFAULT NULL,
  `expires_at` timestamp NULL DEFAULT NULL,
  `created_at` timestamp NULL DEFAULT NULL,
  `updated_at` timestamp NULL DEFAULT NULL
) ENGINE=InnoDB DEFAULT CHARSET=utf8mb4 COLLATE=utf8mb4_unicode_ci;

--
-- Dumping data for table `personal_access_tokens`
--

INSERT INTO `personal_access_tokens` (`id`, `tokenable_type`, `tokenable_id`, `name`, `token`, `abilities`, `last_used_at`, `expires_at`, `created_at`, `updated_at`) VALUES
(1, 'App\\Models\\User', 1, 'auth_token', 'c5602170d39279508fffdb29303fb7af0a42c41a6f68e85f4e1734af755d7a04', '[\"*\"]', '2024-03-09 13:57:36', NULL, '2024-02-05 10:36:40', '2024-03-09 13:57:36'),
(2, 'App\\Models\\User', 1, 'auth_token', '80221b710cf96bd770f4608c0f3aabf5b5567dc61ac459dab0292b51ce753f27', '[\"*\"]', '2024-02-05 11:00:27', NULL, '2024-02-05 10:37:00', '2024-02-05 11:00:27'),
(3, 'App\\Models\\User', 2, 'auth_token', 'd61ea524838c7e59d575d5d31f8e000b83a412af9c953268fe7220394d3c4d23', '[\"*\"]', '2024-02-05 12:26:48', NULL, '2024-02-05 11:01:07', '2024-02-05 12:26:48'),
(4, 'App\\Models\\User', 2, 'auth_token', '913cff236bb1aa8707f17f1c8f75dfccf94aff9a2d6629ee0fc093e9e14bd46e', '[\"*\"]', '2024-02-05 11:55:30', NULL, '2024-02-05 11:47:47', '2024-02-05 11:55:30'),
(5, 'App\\Models\\User', 1, 'auth_token', '4174c214396ae79ff1c10acf5b0f8c660c3b7a6ae4e09381a121cb4634645f93', '[\"*\"]', '2024-02-05 12:36:43', NULL, '2024-02-05 11:54:48', '2024-02-05 12:36:43'),
(6, 'App\\Models\\User', 1, 'auth_token', '55e88c4efe04deb0e5d83d9162ffc6b2c6a7f8bf36e781093d9855a182bac7c2', '[\"*\"]', '2024-02-06 07:14:46', NULL, '2024-02-05 12:30:33', '2024-02-06 07:14:46'),
(7, 'App\\Models\\User', 3, 'auth_token', '0ec78d48c6bcd2afc46827e040f4efe33b05e95c5a5a640aa16a7930e5adc37b', '[\"*\"]', '2024-02-09 06:51:07', NULL, '2024-02-06 06:34:51', '2024-02-09 06:51:07'),
(8, 'App\\Models\\User', 3, 'auth_token', '81fe3b2749127d500510fb794b115bc5f443751e3c9a0cffaf672ce9c6976730', '[\"*\"]', '2024-02-09 06:53:00', NULL, '2024-02-06 07:15:05', '2024-02-09 06:53:00'),
(9, 'App\\Models\\User', 1, 'auth_token', '0af99d1beae61e87caa9e0f396023f57a0b15d78f082f164fed63150267e4602', '[\"*\"]', NULL, NULL, '2024-02-06 07:31:43', '2024-02-06 07:31:43'),
(10, 'App\\Models\\User', 3, 'auth_token', 'b641f04e8e18c0e748010d846e6275bffcf85d4596ba4a11fdf5b6b3bccb3d5e', '[\"*\"]', NULL, NULL, '2024-02-06 07:32:01', '2024-02-06 07:32:01'),
(11, 'App\\Models\\User', 3, 'auth_token', 'ac5ca5b0ef6b198d7e1b0802773b74334ece98b21531f52f3cd1b5dca1703910', '[\"*\"]', '2024-02-11 14:06:11', NULL, '2024-02-06 08:16:09', '2024-02-11 14:06:11'),
(12, 'App\\Models\\User', 1, 'auth_token', '7f5c1f4cce7a6fb546f7ce95a58b9de15b3676ab45c6bb5ff159899d3f0d4bab', '[\"*\"]', NULL, NULL, '2024-02-06 09:12:56', '2024-02-06 09:12:56'),
(13, 'App\\Models\\User', 2, 'auth_token', '1adc04055f14576b4e32594177313bc172f31eeebdc1d0bfced330b3872ab9d5', '[\"*\"]', NULL, NULL, '2024-02-11 13:30:45', '2024-02-11 13:30:45'),
(14, 'App\\Models\\User', 2, 'auth_token', 'ccd00ffbc4c026bdfed16ed7d1adb9fb9a043c0e449b3e8a2ad709ec5e761c94', '[\"*\"]', NULL, NULL, '2024-02-11 13:33:20', '2024-02-11 13:33:20'),
(15, 'App\\Models\\User', 2, 'auth_token', '99cf76a28f169eb0e86a6906efcdf2f19bb84ec4433cb82b7e094291a79f6538', '[\"*\"]', '2024-04-21 13:48:12', NULL, '2024-02-11 14:06:59', '2024-04-21 13:48:12'),
(16, 'App\\Models\\User', 4, 'auth_token', '91bb24b96350f09cb9a7fa71e1c1384ccc803d396af0067a14ed3e4997d2f70b', '[\"*\"]', '2024-02-12 11:42:28', NULL, '2024-02-11 14:32:05', '2024-02-12 11:42:28'),
(17, 'App\\Models\\User', 1, 'auth_token', '0c83fb5d6956c5c05825dfce7de6241b5051c1e7b32cc79c5e22acedff7a9133', '[\"*\"]', '2024-02-12 12:17:01', NULL, '2024-02-11 14:32:37', '2024-02-12 12:17:01'),
(18, 'App\\Models\\User', 3, 'auth_token', '7c1fc4a10dc1131155eb952405dab9b1234548375cabcf1cb3f4cba545b63981', '[\"*\"]', '2024-02-12 12:20:48', NULL, '2024-02-11 14:37:25', '2024-02-12 12:20:48'),
(19, 'App\\Models\\User', 4, 'auth_token', '75352589a8d83fef01e67330df272dda85152c1c5c54ae7908acfa7e683ed6eb', '[\"*\"]', '2024-02-12 12:06:34', NULL, '2024-02-12 11:43:50', '2024-02-12 12:06:34'),
(20, 'App\\Models\\User', 3, 'auth_token', 'e3bb4ff7e1100428c380fd958e858a0981b390d55268730508b323fbd9aab1c0', '[\"*\"]', '2024-02-12 12:50:27', NULL, '2024-02-12 12:23:22', '2024-02-12 12:50:27'),
(21, 'App\\Models\\User', 1, 'auth_token', 'c7e7563eff38def04896a5d8cbc65af214b322afc701219262d350835076273e', '[\"*\"]', '2024-02-12 17:52:23', NULL, '2024-02-12 17:14:51', '2024-02-12 17:52:23'),
(22, 'App\\Models\\User', 3, 'auth_token', 'e07b466743a563a86a81e20d666ef4ffa116916182a2d1636a7c9158d0448d92', '[\"*\"]', '2024-02-13 09:35:44', NULL, '2024-02-12 17:17:06', '2024-02-13 09:35:44'),
(23, 'App\\Models\\User', 3, 'auth_token', 'e4c1dee0340ce432729d78bfa88f9735e22ba1d2a69832f9afe8ebea287246f5', '[\"*\"]', '2024-02-12 17:53:17', NULL, '2024-02-12 17:53:11', '2024-02-12 17:53:17'),
(24, 'App\\Models\\User', 1, 'auth_token', '0a5f32a7dc2c7cd9e84722dd6ea169485ab962ece886ebba98804a59aa22cbc4', '[\"*\"]', '2024-02-13 09:39:37', NULL, '2024-02-12 17:54:05', '2024-02-13 09:39:37'),
(25, 'App\\Models\\User', 1, 'auth_token', '6ba2fab27de2a930635d59f680657550af6b756ddafa152080347bc861770b14', '[\"*\"]', '2024-05-21 07:14:43', NULL, '2024-02-13 09:36:43', '2024-05-21 07:14:43'),
(26, 'App\\Models\\User', 4, 'auth_token', '615b7ae47b09f00891013a341c03579673f0f30ddbc054dd9931dec4473bed53', '[\"*\"]', '2024-02-13 09:42:43', NULL, '2024-02-13 09:40:53', '2024-02-13 09:42:43'),
(27, 'App\\Models\\User', 4, 'auth_token', 'd206889d5067baa7b5335845a8807e4d3f2442e38a514bb18a4de7271c67d5d2', '[\"*\"]', '2024-02-20 11:07:51', NULL, '2024-02-13 09:41:52', '2024-02-20 11:07:51'),
(28, 'App\\Models\\User', 1, 'auth_token', '96a0d2605fc51e36390ad2b0711751fd1744fd8ea4e8f61930e7867d4bf79dc8', '[\"*\"]', '2024-02-21 20:12:38', NULL, '2024-02-13 09:45:24', '2024-02-21 20:12:38'),
(29, 'App\\Models\\User', 1, 'auth_token', '107e7cb9db6fc3c6522ee26a7658965553c7c944bd9b3fa1287caae6e127773d', '[\"*\"]', '2024-02-14 08:50:20', NULL, '2024-02-14 08:50:02', '2024-02-14 08:50:20'),
(30, 'App\\Models\\User', 1, 'auth_token', '86d64d81b184134f0ed4441694d3bc8186d0ea20378355819eaadb29896f68d3', '[\"*\"]', '2024-02-14 11:29:53', NULL, '2024-02-14 11:27:03', '2024-02-14 11:29:53'),
(31, 'App\\Models\\User', 4, 'auth_token', '37b734c5f2980eb766b9f439b6b5d2ec6c461dda6485609a677a946b2b38bc70', '[\"*\"]', '2024-02-21 20:16:04', NULL, '2024-02-21 20:15:15', '2024-02-21 20:16:04'),
(32, 'App\\Models\\User', 1, 'auth_token', '39d8fc5989aa6604fe94a9fb2c748e983e0805fadb8e958bacd93f66569be618', '[\"*\"]', '2024-02-22 08:55:37', NULL, '2024-02-22 08:06:25', '2024-02-22 08:55:37'),
(33, 'App\\Models\\User', 1, 'auth_token', '628aa404afe075fcf4c6d1603661056fe26605f720f50d644338f133b7224d8b', '[\"*\"]', '2024-03-06 07:44:54', NULL, '2024-02-22 08:17:35', '2024-03-06 07:44:54'),
(34, 'App\\Models\\User', 4, 'auth_token', '398992e5bdb09e48b3800f082e96d93a425abaa3c29c7208989fe373a9d5f665', '[\"*\"]', '2024-02-23 15:45:39', NULL, '2024-02-22 08:56:32', '2024-02-23 15:45:39'),
(35, 'App\\Models\\User', 4, 'auth_token', '15ba5521926a919f4f28c35b75869084d93593f702539978b6c3dfcfa32188ea', '[\"*\"]', '2024-02-22 09:33:00', NULL, '2024-02-22 09:00:28', '2024-02-22 09:33:00'),
(36, 'App\\Models\\User', 1, 'auth_token', '6f5ec62bd5ba5a6bf702629b916b0d853570a928b43b88023f5ad756fc7e726c', '[\"*\"]', '2024-02-23 17:02:20', NULL, '2024-02-23 15:46:28', '2024-02-23 17:02:20'),
(37, 'App\\Models\\User', 1, 'auth_token', 'c5479044f284435ff533c446caa76eb2e3663e331221377e7bc7b4968dc9c421', '[\"*\"]', '2024-02-23 17:52:33', NULL, '2024-02-23 17:19:19', '2024-02-23 17:52:33'),
(38, 'App\\Models\\User', 2, 'auth_token', '6dee752c3ca6cc5cf646e0a77abf58ddf3bdaf9012828b239c228eb57d2f3c19', '[\"*\"]', '2024-02-23 17:54:01', NULL, '2024-02-23 17:53:34', '2024-02-23 17:54:01'),
(39, 'App\\Models\\User', 1, 'auth_token', 'ad362de9c5c650fb5c439f77fbe351611050ba77e31bc46627d132e1869d7d41', '[\"*\"]', '2024-02-27 11:52:01', NULL, '2024-02-27 11:48:29', '2024-02-27 11:52:01'),
(40, 'App\\Models\\User', 4, 'auth_token', '9a8d2ac9c48a76e0a2db1ee7bac3cd8bd858ba06bd5ea3fddb9e74248947806a', '[\"*\"]', '2024-02-27 11:54:02', NULL, '2024-02-27 11:53:00', '2024-02-27 11:54:02'),
(41, 'App\\Models\\User', 2, 'auth_token', 'aba9be5f7b955715f1d8af142b108b2a51e9b2990acca94669c449b986837c72', '[\"*\"]', '2024-02-28 10:56:16', NULL, '2024-02-27 11:54:46', '2024-02-28 10:56:16'),
(42, 'App\\Models\\User', 1, 'auth_token', '9e5e9446505305f447c0fc0ceb0561750a8ad711b3ddaf1585d8b726534feea2', '[\"*\"]', '2024-02-28 12:23:03', NULL, '2024-02-28 10:57:07', '2024-02-28 12:23:03'),
(43, 'App\\Models\\User', 1, 'auth_token', '53903b17ff4baf527078f29336d7a080aa3f351c4a86529f1f2d09fcb842c76e', '[\"*\"]', '2024-02-28 12:24:29', NULL, '2024-02-28 11:13:53', '2024-02-28 12:24:29'),
(44, 'App\\Models\\User', 4, 'auth_token', 'dc2079c0768f17943ca33489598973ee9243b7a5b6d342f4e9544fa4caa1c1fd', '[\"*\"]', '2024-02-28 12:27:29', NULL, '2024-02-28 12:25:06', '2024-02-28 12:27:29'),
(45, 'App\\Models\\User', 4, 'auth_token', '83f009bf5eca1f5a331775e5e83938e505c44863475433ea230124e550d4d4ce', '[\"*\"]', '2024-02-28 12:34:31', NULL, '2024-02-28 12:25:17', '2024-02-28 12:34:31'),
(46, 'App\\Models\\User', 2, 'auth_token', '9462a262b4f9873b1b6aa06ea40c8e0ed13014b1d668d1911ec8ee7bf4396df6', '[\"*\"]', '2024-03-04 09:10:30', NULL, '2024-02-28 12:35:20', '2024-03-04 09:10:30'),
(47, 'App\\Models\\User', 2, 'auth_token', '10e81767b65414c60fed92fe3ff6da665ab7653e1d6aba00619ef10253f8ce9a', '[\"*\"]', '2024-03-04 17:34:28', NULL, '2024-02-28 12:36:27', '2024-03-04 17:34:28'),
(48, 'App\\Models\\User', 2, 'auth_token', '967eaf3b10e5300d818035d673d0820f7352997a236b5c36fc27e8f2e8e6e335', '[\"*\"]', '2024-03-05 11:11:07', NULL, '2024-03-04 07:19:26', '2024-03-05 11:11:07'),
(49, 'App\\Models\\User', 1, 'auth_token', '4dceeb524a5d6920006192c71b680008c0af473fcc1b2e8365401ae39b94ebac', '[\"*\"]', '2024-03-04 10:33:47', NULL, '2024-03-04 09:17:49', '2024-03-04 10:33:47'),
(50, 'App\\Models\\User', 2, 'auth_token', 'd6187db9a037ed8f431e6b735a9cb8cb189462788c1861c9a89b5e1318943ce8', '[\"*\"]', '2024-03-04 10:35:01', NULL, '2024-03-04 10:34:28', '2024-03-04 10:35:01'),
(51, 'App\\Models\\User', 1, 'auth_token', '52973b6b61d3e2d23b98f20b00549d88685ca618ad87ef6760b04c55da371b4b', '[\"*\"]', '2024-03-04 11:51:34', NULL, '2024-03-04 10:46:09', '2024-03-04 11:51:34'),
(52, 'App\\Models\\User', 2, 'auth_token', '1ed2a2594adf249e07345b4663a9ac5bd4a62c78b9892c10915455ba0877dccf', '[\"*\"]', '2024-03-04 17:59:45', NULL, '2024-03-04 11:52:16', '2024-03-04 17:59:45'),
(53, 'App\\Models\\User', 2, 'auth_token', '61be56cf01ba3ebbd93d21b0f2c1dd379e7d1e6369ae32a74eadec5175b853de', '[\"*\"]', '2024-03-05 10:00:55', NULL, '2024-03-04 16:40:46', '2024-03-05 10:00:55'),
(54, 'App\\Models\\User', 3, 'auth_token', 'd29fa83cf2539c984be1ca0afb88b41cd1ebaab125927232f1a0e05ef0b7ae7e', '[\"*\"]', '2024-03-05 11:30:10', NULL, '2024-03-04 18:00:41', '2024-03-05 11:30:10'),
(55, 'App\\Models\\User', 1, 'auth_token', '1e1041235317c5711c3f365ecd82de8a363d90dd3484f237133ceae04c41db11', '[\"*\"]', '2024-03-09 19:18:14', NULL, '2024-03-05 10:01:31', '2024-03-09 19:18:14'),
(56, 'App\\Models\\User', 2, 'auth_token', 'dc093aa2a639c6cac733c9d4f9a2ac9f4b157abe043d8cd541c4384e7452d61a', '[\"*\"]', '2024-03-28 00:09:29', NULL, '2024-03-05 10:26:51', '2024-03-28 00:09:29'),
(57, 'App\\Models\\User', 4, 'auth_token', 'b83a5c18cab39a28a167f95bf59bd9ee933d7230cfc6661f4bbf7833d1565567', '[\"*\"]', '2024-03-05 11:43:47', NULL, '2024-03-05 11:30:49', '2024-03-05 11:43:47'),
(58, 'App\\Models\\User', 1, 'auth_token', '78a6431d50be19bd915152e0096050df17388ac111eccc2db5eeae8dec623589', '[\"*\"]', '2024-03-06 07:22:38', NULL, '2024-03-05 11:44:17', '2024-03-06 07:22:38'),
(59, 'App\\Models\\User', 2, 'auth_token', '6824f9182f187e8b1157d774f7914068cad260124c7ac40a21b045b47dd8dba5', '[\"*\"]', '2024-03-06 08:24:11', NULL, '2024-03-06 07:30:22', '2024-03-06 08:24:11'),
(60, 'App\\Models\\User', 1, 'auth_token', 'eebed7c717265f7a5b5a293e475ea695e42b3ee19fd8c05ca052ba67c1fe6e03', '[\"*\"]', '2024-03-06 10:49:15', NULL, '2024-03-06 08:24:40', '2024-03-06 10:49:15'),
(61, 'App\\Models\\User', 2, 'auth_token', '2184b19a2d1c33f22796dec919dc321ab43c2f56035cce9b3b91d5a7b629641e', '[\"*\"]', '2024-03-06 10:53:59', NULL, '2024-03-06 10:51:52', '2024-03-06 10:53:59'),
(62, 'App\\Models\\User', 4, 'auth_token', '34112ed6b7193b92326e9278184270af90e9b0631b69ad3cd990c1c450d6fb5d', '[\"*\"]', '2024-03-06 11:03:44', NULL, '2024-03-06 10:55:12', '2024-03-06 11:03:44'),
(63, 'App\\Models\\User', 3, 'auth_token', '1b218068d3b8bf5e9b4235e1ea086a566d195d1c7b9806702320829ae4694e2c', '[\"*\"]', '2024-03-06 11:19:35', NULL, '2024-03-06 11:04:47', '2024-03-06 11:19:35'),
(64, 'App\\Models\\User', 1, 'auth_token', '00f9234306aab78e3e975f70396ea6352cc44fabf6155fe01ce5fb8beb0baaf2', '[\"*\"]', '2024-03-06 11:28:43', NULL, '2024-03-06 11:28:31', '2024-03-06 11:28:43'),
(65, 'App\\Models\\User', 3, 'auth_token', 'fbebbd562b4eac26a93af2487e6ed3cd5a536c11e1ed21889833f6217b2cf7d3', '[\"*\"]', '2024-03-06 11:37:43', NULL, '2024-03-06 11:37:32', '2024-03-06 11:37:43'),
(66, 'App\\Models\\User', 3, 'auth_token', '6d810b69c2124cf701ea8f1821adf62f9d080d689d2e6b795816119c036686da', '[\"*\"]', '2024-03-06 11:44:11', NULL, '2024-03-06 11:42:12', '2024-03-06 11:44:11'),
(67, 'App\\Models\\User', 1, 'auth_token', '7325da0fe94bad954f199f933ca119719e8afb4ab3f5af5fb1195c66df1282ae', '[\"*\"]', '2024-03-06 11:57:44', NULL, '2024-03-06 11:43:19', '2024-03-06 11:57:44'),
(68, 'App\\Models\\User', 3, 'auth_token', 'e570dbd1fd0f67245bdfa3630ac827ff660de5199b5bb68b8585d95c9e14e4bf', '[\"*\"]', '2024-03-06 18:24:28', NULL, '2024-03-06 11:58:14', '2024-03-06 18:24:28'),
(69, 'App\\Models\\User', 1, 'auth_token', '8d5e2db613d41db3e8ad55beaecc3a7ca2fd2fa3dd7fe07986becaceb2e1fbc7', '[\"*\"]', '2024-03-06 18:34:05', NULL, '2024-03-06 18:29:02', '2024-03-06 18:34:05'),
(70, 'App\\Models\\User', 3, 'auth_token', 'ca95f00789b233dfcefd9d5face752c0f61463be09e3a9b773bb1169e2c3fc49', '[\"*\"]', '2024-03-06 18:36:31', NULL, '2024-03-06 18:34:45', '2024-03-06 18:36:31'),
(71, 'App\\Models\\User', 1, 'auth_token', '764d875b948767f5e97c511c5db2a9092e902fe1aaa9aaefa1f64bd56f5d4ba2', '[\"*\"]', '2024-03-06 19:08:45', NULL, '2024-03-06 18:37:46', '2024-03-06 19:08:45'),
(72, 'App\\Models\\User', 4, 'auth_token', 'a315d2b9b27c7684633534c14db7d5205bb9c65402fd71c1c7067a8baee10966', '[\"*\"]', '2024-03-06 19:09:28', NULL, '2024-03-06 19:09:22', '2024-03-06 19:09:28'),
(73, 'App\\Models\\User', 2, 'auth_token', '9e6f81acf8b912fbdda17a923ca534a92f234f1e77233a0635dbba13e2fecb68', '[\"*\"]', '2024-03-06 19:13:00', NULL, '2024-03-06 19:10:14', '2024-03-06 19:13:00'),
(74, 'App\\Models\\User', 2, 'auth_token', 'c67b55aeb3c8e585c4a0c3358aca09953a699d1d29c4a3355170ae9415747dd3', '[\"*\"]', '2024-03-09 18:48:59', NULL, '2024-03-06 19:18:57', '2024-03-09 18:48:59'),
(75, 'App\\Models\\User', 1, 'auth_token', 'c3110ffcfb60290ad407cc8cf29d014b048ccec962580b328fda5b3afd7ce108', '[\"*\"]', '2024-03-09 18:51:20', NULL, '2024-03-09 18:49:25', '2024-03-09 18:51:20'),
(76, 'App\\Models\\User', 1, 'auth_token', '0d4cf1b12355ad19edddaa76238ae64c6623537825ad661cae85ee036caff1e8', '[\"*\"]', '2024-03-09 20:04:38', NULL, '2024-03-09 20:04:28', '2024-03-09 20:04:38'),
(77, 'App\\Models\\User', 2, 'auth_token', 'fc02aa778fa09145df2df9c109008c5497717702cd99a303f8f01105c971f45b', '[\"*\"]', '2024-03-09 20:08:23', NULL, '2024-03-09 20:08:02', '2024-03-09 20:08:23'),
(78, 'App\\Models\\User', 4, 'auth_token', '2519e92816b88d9a77967889225a9059e6cbe51bb200b00b675f410d024cb9e3', '[\"*\"]', '2024-03-09 20:15:18', NULL, '2024-03-09 20:13:25', '2024-03-09 20:15:18'),
(79, 'App\\Models\\User', 2, 'auth_token', 'e9c6652194acac85e4c61fbd858d57747665f4f46ee6929dd3749e02e6ee8166', '[\"*\"]', '2024-03-11 09:15:40', NULL, '2024-03-11 08:48:25', '2024-03-11 09:15:40'),
(80, 'App\\Models\\User', 2, 'auth_token', 'f674990c7c7162deef489d17c7de69149017e0094b36a9aa00f404387a843515', '[\"*\"]', '2024-03-21 11:48:19', NULL, '2024-03-11 09:37:07', '2024-03-21 11:48:19'),
(81, 'App\\Models\\User', 2, 'auth_token', 'b50def6b0500677d6441b25ab67c5c343d6dc26798f6c4d7f0c703a83e20feda', '[\"*\"]', '2024-03-17 09:17:44', NULL, '2024-03-12 11:35:30', '2024-03-17 09:17:44'),
(82, 'App\\Models\\User', 2, 'auth_token', '3862163947beb6b4e04e5e5b88255baaab9b5472f91c95f02e8dc2fe4110188e', '[\"*\"]', '2024-03-22 14:38:48', NULL, '2024-03-14 12:31:55', '2024-03-22 14:38:48'),
(83, 'App\\Models\\User', 2, 'auth_token', '24772ef81c52c46622ba14280271e704d114980d76d2a3adc4cd487f7b3f7320', '[\"*\"]', '2024-03-17 09:40:09', NULL, '2024-03-17 09:19:02', '2024-03-17 09:40:09'),
(84, 'App\\Models\\User', 1, 'auth_token', 'fec389d64b3afc3a06e40182d9b7881e652cb9153bb86e0b4f8c7b075bd3ba0b', '[\"*\"]', '2024-03-17 10:11:40', NULL, '2024-03-17 09:52:47', '2024-03-17 10:11:40'),
(85, 'App\\Models\\User', 2, 'auth_token', '407442b4f8da16bc937d6fa8f6a3df54cfcc5439899dac2803903b4b28621bd6', '[\"*\"]', '2024-03-17 10:55:25', NULL, '2024-03-17 10:12:15', '2024-03-17 10:55:25'),
(86, 'App\\Models\\User', 3, 'auth_token', '738028798c514bb8b9533f6cfd780141071fc163aaeb95b309b769b13db47ca7', '[\"*\"]', '2024-03-17 10:58:39', NULL, '2024-03-17 10:56:44', '2024-03-17 10:58:39'),
(87, 'App\\Models\\User', 18, 'auth_token', '990a3cf0f65ffe6f0e017d47868b79370acd90c44762b84108300443838bd0ba', '[\"*\"]', '2024-03-19 21:54:29', NULL, '2024-03-17 10:59:27', '2024-03-19 21:54:29'),
(88, 'App\\Models\\User', 2, 'auth_token', 'd11ecda6bb1f103b874fc783061510c13f8ed019d97f91328a25680746e55bd1', '[\"*\"]', '2024-03-20 22:13:52', NULL, '2024-03-19 21:54:57', '2024-03-20 22:13:52'),
(89, 'App\\Models\\User', 18, 'auth_token', 'd2c7926ce09a2a5b902a426563d462e758de55af40cdf40e6acb47cb92954f64', '[\"*\"]', '2024-03-25 17:29:26', NULL, '2024-03-20 22:14:41', '2024-03-25 17:29:26'),
(90, 'App\\Models\\User', 1, 'auth_token', '93e7dd51b6bb755a72dee3d48574938bb3f0f5ed747081d09d7e9a4510d0f98b', '[\"*\"]', '2024-05-21 04:06:34', NULL, '2024-03-21 11:48:50', '2024-05-21 04:06:34'),
(91, 'App\\Models\\User', 18, 'auth_token', '2463fddecaef55cf2097fbd480d7680006aeb60037d4165b08df01f19bc8ca74', '[\"*\"]', '2024-03-31 01:19:27', NULL, '2024-03-27 21:47:33', '2024-03-31 01:19:27'),
(92, 'App\\Models\\User', 2, 'auth_token', '8ca354d5d755b4d1eb4af962b100f5f0c7f17c9d29da80720c7997c65aaa4308', '[\"*\"]', '2024-03-30 07:47:42', NULL, '2024-03-30 07:46:40', '2024-03-30 07:47:42'),
(93, 'App\\Models\\User', 2, 'auth_token', 'ab4a57abf435b1acb55a50c78020615f0c2eddedb602337b129079d701d6cb2a', '[\"*\"]', '2024-04-15 10:40:13', NULL, '2024-04-15 05:45:22', '2024-04-15 10:40:13'),
(94, 'App\\Models\\User', 2, 'auth_token', '3e531403f07364224e761cf7e8ff293ab1de1d6b27ab3d326c8d1c5eb22ad518', '[\"*\"]', '2024-04-15 10:59:30', NULL, '2024-04-15 08:01:51', '2024-04-15 10:59:30'),
(95, 'App\\Models\\User', 1, 'auth_token', '3ce8222785e77c1cb755bafb68ae8b03e10e14834eb4019b6ae7193a36e2541e', '[\"*\"]', '2024-04-15 09:27:24', NULL, '2024-04-15 09:26:42', '2024-04-15 09:27:25'),
(96, 'App\\Models\\User', 2, 'auth_token', '10b7eff5276cd3f5671295917a42a6cc08c7889cbed6ca941ff379c14c3b43be', '[\"*\"]', '2024-05-01 16:25:22', NULL, '2024-04-15 09:28:32', '2024-05-01 16:25:22'),
(97, 'App\\Models\\User', 1, 'auth_token', '511968e160064152690d3be0a4fc29a4c4a0102e80f0433d7010abadf4692993', '[\"*\"]', '2024-04-15 10:42:32', NULL, '2024-04-15 10:41:41', '2024-04-15 10:42:32'),
(98, 'App\\Models\\User', 4, 'auth_token', 'a9f6897379236f36678a18eef8d0b0edda6a52ecdbb1b3f0e07b6f4369bb1513', '[\"*\"]', '2024-04-15 11:00:30', NULL, '2024-04-15 10:43:04', '2024-04-15 11:00:30'),
(99, 'App\\Models\\User', 2, 'auth_token', '0ccc2ba00603b7660a1bc20f34b202ecd9ffa35c8d33a40fe7d26f4f49732abe', '[\"*\"]', '2024-04-18 12:19:36', NULL, '2024-04-15 11:00:57', '2024-04-18 12:19:36'),
(100, 'App\\Models\\User', 18, 'auth_token', '4ea54cce3fe7cd993747181d2ddfe2306f78986b2a58b5425feee0f81abae0af', '[\"*\"]', '2024-04-16 00:44:42', NULL, '2024-04-16 00:43:07', '2024-04-16 00:44:42'),
(101, 'App\\Models\\User', 19, 'auth_token', 'b3d68d95b2854aa9a661fbb8c85e67b039de4fb355301d46b94c965b9a093134', '[\"*\"]', '2024-04-16 00:45:04', NULL, '2024-04-16 00:45:03', '2024-04-16 00:45:04'),
(102, 'App\\Models\\User', 18, 'auth_token', '23f8077985ea966c184afd5e0523c943ab31c31149f5dec087c24d81080d0061', '[\"*\"]', '2024-04-16 00:46:10', NULL, '2024-04-16 00:46:06', '2024-04-16 00:46:10'),
(103, 'App\\Models\\User', 18, 'auth_token', '691fcc6dba10751da0da92c4df88c511c53cea91cc2da3b65642cb94a4dcb47a', '[\"*\"]', '2024-04-16 00:47:06', NULL, '2024-04-16 00:47:03', '2024-04-16 00:47:06'),
(104, 'App\\Models\\User', 19, 'auth_token', '2363e8bd39f9859e69a6d592b46ef1056953a59fbd5467735e4b71abb51413ec', '[\"*\"]', '2024-04-18 17:45:52', NULL, '2024-04-16 00:48:26', '2024-04-18 17:45:52'),
(105, 'App\\Models\\User', 19, 'auth_token', 'f97e9b76ff40ab1b58fee71c0bee2106692ae78b94c5e8808f89e6bc15126f4e', '[\"*\"]', '2024-04-18 13:02:59', NULL, '2024-04-18 12:39:58', '2024-04-18 13:02:59'),
(106, 'App\\Models\\User', 19, 'auth_token', 'ed522d5dda692aef68489ca2f7d2266c325a3c389fc3277d1c7b35901541bbec', '[\"*\"]', '2024-04-18 13:01:31', NULL, '2024-04-18 12:56:15', '2024-04-18 13:01:31'),
(107, 'App\\Models\\User', 2, 'auth_token', '67e89f6494ff063a981b169a3ece56d24ab7d1df95040a2193ba36b20525602e', '[\"*\"]', '2024-04-18 13:06:48', NULL, '2024-04-18 13:03:25', '2024-04-18 13:06:48'),
(108, 'App\\Models\\User', 2, 'auth_token', 'f1e6b6d0ba85543f10340826a920c0aee84baafbb5e1afa9e278d14dc536f079', '[\"*\"]', '2024-04-18 13:08:36', NULL, '2024-04-18 13:05:23', '2024-04-18 13:08:36'),
(109, 'App\\Models\\User', 1, 'auth_token', '6f70a3da973c6c56af1eacf0a432ebc636f476892c95ca909e3512fe7d365bc9', '[\"*\"]', '2024-04-18 13:07:34', NULL, '2024-04-18 13:07:23', '2024-04-18 13:07:34'),
(110, 'App\\Models\\User', 4, 'auth_token', 'ea004a78ce19bde6dcdeb665921e2c36d8655ad46c6fda62fcaa6965b3a0e507', '[\"*\"]', '2024-04-18 13:08:14', NULL, '2024-04-18 13:08:03', '2024-04-18 13:08:14'),
(111, 'App\\Models\\User', 18, 'auth_token', '05e577530512f09c9796701e6f7bdf6e7d53260c042771538ee204e3787f5b8b', '[\"*\"]', '2024-04-19 01:19:14', NULL, '2024-04-19 01:17:56', '2024-04-19 01:19:14'),
(112, 'App\\Models\\User', 20, 'auth_token', 'b954cabb7f3d1f30679cb3bf565affcbfe8cae76017dd15b3d281e7f49a0caee', '[\"*\"]', '2024-04-19 01:23:09', NULL, '2024-04-19 01:20:23', '2024-04-19 01:23:09'),
(113, 'App\\Models\\User', 21, 'auth_token', 'a20c9b30e82dee2f16e6ece1c6c47831ad3097784a86a3928ad1b58c330b6ad2', '[\"*\"]', '2024-04-19 01:23:43', NULL, '2024-04-19 01:23:40', '2024-04-19 01:23:43'),
(114, 'App\\Models\\User', 18, 'auth_token', 'da3f79bf94513bddd7965e782a7004f6fa939f3d72f9e70ecbcc64b660b6d027', '[\"*\"]', '2024-04-19 01:25:23', NULL, '2024-04-19 01:24:23', '2024-04-19 01:25:23'),
(115, 'App\\Models\\User', 21, 'auth_token', '79b973d358d41e5ce0c3afcdb64eb83da1980c97090617c9aef855e1e6bc2bb5', '[\"*\"]', '2024-04-19 01:33:15', NULL, '2024-04-19 01:26:33', '2024-04-19 01:33:15'),
(116, 'App\\Models\\User', 18, 'auth_token', 'efa3b7edc844b182a29e6992b88e0f607a7c35999a3bd02906ebc12f8c7cc559', '[\"*\"]', '2024-04-19 01:38:42', NULL, '2024-04-19 01:37:40', '2024-04-19 01:38:42'),
(117, 'App\\Models\\User', 21, 'auth_token', 'a52de79f0f12d6821459a086a2d04cfc2e426c2b52a429799eb41cdadfeea1fa', '[\"*\"]', '2024-04-19 01:41:04', NULL, '2024-04-19 01:39:13', '2024-04-19 01:41:04'),
(118, 'App\\Models\\User', 18, 'auth_token', 'f204e787ccdecf740c97bc5b485de39b50a158efa1745ef09a0d47183b15c4ec', '[\"*\"]', '2024-04-19 01:44:07', NULL, '2024-04-19 01:43:28', '2024-04-19 01:44:07'),
(119, 'App\\Models\\User', 21, 'auth_token', 'aa9d4f6096b915a56677ab50ad13e2699b70069f2594a54372fbface1fb301bf', '[\"*\"]', '2024-04-19 01:44:31', NULL, '2024-04-19 01:44:28', '2024-04-19 01:44:31'),
(120, 'App\\Models\\User', 18, 'auth_token', '36b79a9107b07f51e5d1ca5e26011abf951d1c3809343fd26c6d8e42471042d3', '[\"*\"]', '2024-04-19 02:16:44', NULL, '2024-04-19 01:48:22', '2024-04-19 02:16:44'),
(121, 'App\\Models\\User', 18, 'auth_token', 'f3e6c72239f16fd4e4e04fbbdae36dbf1ef1ce96f9eec994fe72452c0e872777', '[\"*\"]', '2024-04-19 02:27:37', NULL, '2024-04-19 02:20:26', '2024-04-19 02:27:37'),
(122, 'App\\Models\\User', 21, 'auth_token', 'd75a7255879abf625fa6b3b602b1b1cc745fb7f4f34e07e7ba9b3ffa37de9d15', '[\"*\"]', '2024-04-19 02:31:04', NULL, '2024-04-19 02:29:58', '2024-04-19 02:31:04'),
(123, 'App\\Models\\User', 18, 'auth_token', 'e8459b14ca63dc1a2f06fffd0775ad6da7c816ee35699f5ea1811415bd1dfd47', '[\"*\"]', '2024-04-21 19:00:09', NULL, '2024-04-19 02:31:35', '2024-04-21 19:00:09'),
(124, 'App\\Models\\User', 3, 'auth_token', 'e25bdff4997dd1a4269a87928d085844881652525c5354d13308f21080193aea', '[\"*\"]', '2024-04-19 05:27:48', NULL, '2024-04-19 05:21:55', '2024-04-19 05:27:48'),
(125, 'App\\Models\\User', 1, 'auth_token', '2d84efe7c1785e8c8e8612a21d896958c40ef1b0ea82bb1766f2f10521763eac', '[\"*\"]', '2024-04-19 07:43:10', NULL, '2024-04-19 05:28:39', '2024-04-19 07:43:10'),
(126, 'App\\Models\\User', 1, 'auth_token', '87fa6834f493d82da062c932956a45e8e0f58b2f8ce9aeb346ee090a1f4affd5', '[\"*\"]', '2024-04-21 12:51:55', NULL, '2024-04-19 06:56:20', '2024-04-21 12:51:55'),
(127, 'App\\Models\\User', 4, 'auth_token', '2f59f2b2c48044d569efb1ec1addaae224beb7bc6673f610cc0070c83ca0094c', '[\"*\"]', '2024-04-19 07:48:16', NULL, '2024-04-19 07:46:40', '2024-04-19 07:48:16'),
(128, 'App\\Models\\User', 2, 'auth_token', '417ea57440e04ff38867199a598878709c3fc3448c2c97afebb878bd31b34d76', '[\"*\"]', '2024-04-19 07:50:21', NULL, '2024-04-19 07:48:59', '2024-04-19 07:50:21'),
(129, 'App\\Models\\User', 1, 'auth_token', 'f00cbf3bc7de521d479d3a9ed935165e010cc84dde45058f0681b34471e7b284', '[\"*\"]', '2024-04-19 08:55:37', NULL, '2024-04-19 07:51:01', '2024-04-19 08:55:37'),
(130, 'App\\Models\\User', 4, 'auth_token', '690a28d6cecda1648f8dfb030dfd6801e6c6c9e0920b86bd7f0db2864f3524d8', '[\"*\"]', '2024-04-19 09:00:43', NULL, '2024-04-19 08:59:32', '2024-04-19 09:00:43'),
(131, 'App\\Models\\User', 1, 'auth_token', 'c656f835d561a5a0a49a7ac1684b6d94031e062c295bd9a9e5736709c7b06cf8', '[\"*\"]', '2024-04-19 12:00:10', NULL, '2024-04-19 11:00:39', '2024-04-19 12:00:10'),
(132, 'App\\Models\\User', 2, 'auth_token', '619ef98fd8a7d319e520d095c0067e15cd64e8d84794dcc0695951084c821d4b', '[\"*\"]', '2024-04-19 12:03:45', NULL, '2024-04-19 12:00:38', '2024-04-19 12:03:45'),
(133, 'App\\Models\\User', 1, 'auth_token', '4cd89888031b9dc40340a620f57d486e39fee6507124a6b96547d42320d1d92d', '[\"*\"]', '2024-04-19 12:06:00', NULL, '2024-04-19 12:04:05', '2024-04-19 12:06:00'),
(134, 'App\\Models\\User', 2, 'auth_token', '369cb49f89cfa06fd736a8136ac35888c3674ae450b2360082c07d6e8fe26496', '[\"*\"]', '2024-04-21 12:57:43', NULL, '2024-04-19 12:09:34', '2024-04-21 12:57:43'),
(135, 'App\\Models\\User', 2, 'auth_token', '99c2a9aed65eb52c49fd6e1f34f9fb1fdf02593536646fb7430f0de3d58af3e8', '[\"*\"]', '2024-04-19 12:37:55', NULL, '2024-04-19 12:15:43', '2024-04-19 12:37:55'),
(136, 'App\\Models\\User', 4, 'auth_token', '8cbbe7254ec514d65eeee1ed8ab7cc064c47852f88bc34e9afcebb3986ad8db6', '[\"*\"]', '2024-04-19 12:42:57', NULL, '2024-04-19 12:38:50', '2024-04-19 12:42:57'),
(137, 'App\\Models\\User', 1, 'auth_token', 'f0bd3e300b75a3fc61c7a5fcdb307e7659a252a38ffa2035ab563ac0920bd028', '[\"*\"]', '2024-04-19 13:20:48', NULL, '2024-04-19 12:44:37', '2024-04-19 13:20:48'),
(138, 'App\\Models\\User', 2, 'auth_token', 'a7372778eb1b5b04f7519cc1c5f1bd39eb6287bb3d80dbc7cd3cc8aa553d8e9b', '[\"*\"]', '2024-05-20 05:35:02', NULL, '2024-04-19 13:21:11', '2024-05-20 05:35:02'),
(139, 'App\\Models\\User', 2, 'auth_token', '3f5ff5124f78db3a6e8b71cefa4e0cb2c9f6f41e5700d50975f7e6ddd82bb423', '[\"*\"]', '2024-04-29 05:31:44', NULL, '2024-04-19 13:32:32', '2024-04-29 05:31:44'),
(140, 'App\\Models\\User', 1, 'auth_token', 'd87b76b510ab222bc79a8d0df2efd7d85706ad9ee53b53e78309b61686debf48', '[\"*\"]', '2024-04-19 14:37:15', NULL, '2024-04-19 13:46:43', '2024-04-19 14:37:15'),
(141, 'App\\Models\\User', 4, 'auth_token', '8c3a305e19414791a11c6af334c306874198e735f8e01cfd45501ad77230fc73', '[\"*\"]', '2024-04-19 20:15:02', NULL, '2024-04-19 14:48:08', '2024-04-19 20:15:02'),
(142, 'App\\Models\\User', 1, 'auth_token', '2637d859eee84ef171887e13bdc944495b318cc53a2e261efbdd3651a64d2771', '[\"*\"]', '2024-04-19 20:20:47', NULL, '2024-04-19 20:20:39', '2024-04-19 20:20:47'),
(143, 'App\\Models\\User', 4, 'auth_token', '8fb943b3e29a9b86409d451de9797128d780eb4fbc149d19f6fdb3439c2fc016', '[\"*\"]', '2024-04-19 20:22:30', NULL, '2024-04-19 20:21:46', '2024-04-19 20:22:30'),
(144, 'App\\Models\\User', 25, 'auth_token', 'ba998a24249099c789d6896ac54948b57d387df0c6a2c9e7ce084af80e2e9bda', '[\"*\"]', '2024-04-19 20:38:46', NULL, '2024-04-19 20:23:30', '2024-04-19 20:38:46'),
(145, 'App\\Models\\User', 4, 'auth_token', 'fb0ab14edbe60fb274db4ebb30dfa95f7e1a836ca18a1b2d040f43aa7fd61e15', '[\"*\"]', '2024-04-19 20:44:33', NULL, '2024-04-19 20:39:52', '2024-04-19 20:44:33'),
(146, 'App\\Models\\User', 1, 'auth_token', 'ad0ac701b3c742ad33b499f2a2a4e511d81c650f9ecb69c433960b0c8790cb62', '[\"*\"]', '2024-04-19 20:57:33', NULL, '2024-04-19 20:45:22', '2024-04-19 20:57:33'),
(147, 'App\\Models\\User', 27, 'auth_token', '3872be5879862d812f2a231e6e3c77c52f30432f6c04513dd674d8086e8af642', '[\"*\"]', '2024-04-20 20:22:28', NULL, '2024-04-19 20:57:53', '2024-04-20 20:22:28'),
(148, 'App\\Models\\User', 21, 'auth_token', '14a2baf0c30395066f0ac9a1a929f6d04d5a40fa0f3f552a31c3b17d31d3e376', '[\"*\"]', '2024-04-20 16:04:41', NULL, '2024-04-20 16:04:36', '2024-04-20 16:04:41'),
(149, 'App\\Models\\User', 1, 'auth_token', '598feb220a3734f6dc9a95b7eda4c9f5f42d2cf8106158ae2d87b9b8a89811ef', '[\"*\"]', '2024-04-20 20:33:00', NULL, '2024-04-20 20:24:38', '2024-04-20 20:33:00'),
(150, 'App\\Models\\User', 1, 'auth_token', 'bfbd03ba8eb1d57632d7740073d63f78c8ad3ae7a0ae316990108b572618e6fd', '[\"*\"]', '2024-04-20 20:38:05', NULL, '2024-04-20 20:38:05', '2024-04-20 20:38:05'),
(151, 'App\\Models\\User', 1, 'auth_token', 'a01cbd5d0e315ec4dcd08d211801ae0bab3fc5b575018040d7f96101a00ad3a1', '[\"*\"]', '2024-04-20 20:43:32', NULL, '2024-04-20 20:42:00', '2024-04-20 20:43:32'),
(152, 'App\\Models\\User', 4, 'auth_token', '8dc2497740dc34fa4d09ed157d17d9431c7dda242094afc2c53c445614c81291', '[\"*\"]', '2024-04-20 20:49:54', NULL, '2024-04-20 20:44:14', '2024-04-20 20:49:54'),
(153, 'App\\Models\\User', 4, 'auth_token', 'b491ca3ef1894dd75bee99805a8e2cf18bc9579728c2988568b5a79126fec7d9', '[\"*\"]', '2024-04-20 20:53:40', NULL, '2024-04-20 20:51:32', '2024-04-20 20:53:40'),
(154, 'App\\Models\\User', 32, 'auth_token', '5bc59f46c714eb6e25c3fcf76c2b6a2cd65f51ba4af88a640e6d104f7f4f339d', '[\"*\"]', '2024-04-23 19:18:43', NULL, '2024-04-20 20:54:23', '2024-04-23 19:18:43'),
(155, 'App\\Models\\User', 2, 'auth_token', '9d8744bdf5c07fbf723088f060917ed5249b123f83f938bb6f43673230e61a45', '[\"*\"]', '2024-04-21 12:31:31', NULL, '2024-04-21 09:35:31', '2024-04-21 12:31:31'),
(156, 'App\\Models\\User', 2, 'auth_token', '3952c783d66e7b548cdb6b8c391266619dd190d2d11df6d17b7946ee19a00e1b', '[\"*\"]', '2024-04-21 14:41:08', NULL, '2024-04-21 12:35:45', '2024-04-21 14:41:08'),
(157, 'App\\Models\\User', 4, 'auth_token', 'c800a29e864342a97fcce8f7e74e14a885e184294392a93ee49a81868cbd3f34', '[\"*\"]', '2024-04-21 12:56:23', NULL, '2024-04-21 12:54:07', '2024-04-21 12:56:23'),
(158, 'App\\Models\\User', 1, 'auth_token', '5050e9b399071cbb1c9e53e28faad2c7d39e7cbb4b36d5b4252c8a9fd5ef8981', '[\"*\"]', '2024-04-21 13:54:00', NULL, '2024-04-21 12:57:05', '2024-04-21 13:54:00'),
(159, 'App\\Models\\User', 2, 'auth_token', '023055bd75150debae9b92b1ac366f2d9f8ab26c0df6b964362b62ca1971362b', '[\"*\"]', '2024-04-21 14:31:42', NULL, '2024-04-21 13:48:23', '2024-04-21 14:31:42'),
(160, 'App\\Models\\User', 2, 'auth_token', '0fb7e0f2f33bfb38461ac86acb7dc32cd32008ba94c85aac96d1cbb7892e7516', '[\"*\"]', '2024-04-21 14:37:55', NULL, '2024-04-21 14:11:02', '2024-04-21 14:37:55'),
(161, 'App\\Models\\User', 18, 'auth_token', 'bba49717a5eee0d8896ae7f0c29bb28f2b0cbb16ec47e05f8feba42a1ee0a925', '[\"*\"]', '2024-04-21 19:01:34', NULL, '2024-04-21 19:01:27', '2024-04-21 19:01:34'),
(162, 'App\\Models\\User', 20, 'auth_token', '136ec2687f7a3a0bd2a09521e312f7a51658ffeebae2fdcd86e1663bf027bd32', '[\"*\"]', '2024-04-21 19:02:42', NULL, '2024-04-21 19:02:37', '2024-04-21 19:02:42'),
(163, 'App\\Models\\User', 18, 'auth_token', 'cd295bda2544c7bcf095abfdaeb676d78a7e7636129963815cb54a5ff4100eb6', '[\"*\"]', '2024-04-22 21:23:33', NULL, '2024-04-21 19:03:24', '2024-04-22 21:23:33'),
(164, 'App\\Models\\User', 2, 'auth_token', 'a649bad4c2420ff78f972601d7f7cf4f03257a00600a749ff9455ac66b50e15d', '[\"*\"]', '2024-04-23 19:25:44', NULL, '2024-04-22 06:47:41', '2024-04-23 19:25:44'),
(165, 'App\\Models\\User', 21, 'auth_token', 'b5f6a0424da6d317f5372f1b55632a82d9d0dcc8951d6aab782099082a8e5f2c', '[\"*\"]', '2024-04-25 00:11:07', NULL, '2024-04-23 12:56:37', '2024-04-25 00:11:07'),
(166, 'App\\Models\\User', 1, 'auth_token', '8916f9fba64101773f340db838193d5513305766c2a16a5f6902aa70632f5f86', '[\"*\"]', '2024-04-23 19:27:44', NULL, '2024-04-23 19:23:27', '2024-04-23 19:27:44'),
(167, 'App\\Models\\User', 3, 'auth_token', '7033efc78ea0af52a1249a08d5a1e9b0cf5907e98a2868648dab31eeda4e1ce5', '[\"*\"]', '2024-04-23 19:29:50', NULL, '2024-04-23 19:27:09', '2024-04-23 19:29:50'),
(168, 'App\\Models\\User', 3, 'auth_token', 'eb95090f3a5f8306d0831482fdea3c71d9cb9e407b33c00d99fb9c5889f06174', '[\"*\"]', '2024-04-23 19:28:36', NULL, '2024-04-23 19:28:22', '2024-04-23 19:28:36'),
(169, 'App\\Models\\User', 2, 'auth_token', '9d9542310e6dceaa7c9f66642b81ec5aa503db311545181c3037339061bea3c9', '[\"*\"]', '2024-05-17 07:14:39', NULL, '2024-04-23 19:34:40', '2024-05-17 07:14:39'),
(170, 'App\\Models\\User', 2, 'auth_token', '5884ed17a1094c610e446b71411512bf126a18e77a349888ceb55713c5217e62', '[\"*\"]', '2024-04-24 16:55:45', NULL, '2024-04-23 19:35:53', '2024-04-24 16:55:45'),
(171, 'App\\Models\\User', 3, 'auth_token', '422d198cb8143b87a468d2174c44807f983126131bf2f7b0a305f7cb62ecc26d', '[\"*\"]', '2024-04-30 22:50:40', NULL, '2024-04-24 16:57:14', '2024-04-30 22:50:40'),
(172, 'App\\Models\\User', 18, 'auth_token', '0df76d99909a033223d6977601db8dc1356db4c7369e2c4b86d12aa1027447f4', '[\"*\"]', '2024-04-25 00:11:56', NULL, '2024-04-25 00:11:46', '2024-04-25 00:11:56'),
(173, 'App\\Models\\User', 20, 'auth_token', '71b887c48e478ec24b53221a835a151178e7aa628047d9c373417fbfe418e965', '[\"*\"]', '2024-05-06 05:17:19', NULL, '2024-04-25 00:12:26', '2024-05-06 05:17:19'),
(174, 'App\\Models\\User', 1, 'auth_token', 'be7d67cb0a1a6e20dbfb2042dc94225c1ebf6a6e5ec0e11d9d41325a1f85db9f', '[\"*\"]', '2024-04-29 05:33:16', NULL, '2024-04-29 05:33:02', '2024-04-29 05:33:16'),
(175, 'App\\Models\\User', 2, 'auth_token', '1b67a62d37212940c0b17d89e224cda51c3a2b628813a9bf9445fc04059695ac', '[\"*\"]', '2024-04-30 08:46:05', NULL, '2024-04-29 05:33:48', '2024-04-30 08:46:05'),
(176, 'App\\Models\\User', 2, 'auth_token', '084657e70862b4db707bd7fce0d74faa206fabc000a30ffb1a0cc033f9bf8b97', '[\"*\"]', '2024-04-30 04:08:23', NULL, '2024-04-30 04:08:21', '2024-04-30 04:08:23'),
(177, 'App\\Models\\User', 2, 'auth_token', 'd5cc7737fca5eea59ddbe3390675fb1fe1eca55d95a8ee6bee7f0bbdb145b286', '[\"*\"]', '2024-04-30 07:34:49', NULL, '2024-04-30 04:13:28', '2024-04-30 07:34:49'),
(178, 'App\\Models\\User', 1, 'auth_token', '07c4fa28890c976ddf260f1e9082819c65bc6d86c4d60e3f5f4b571b78f84326', '[\"*\"]', '2024-04-30 09:20:37', NULL, '2024-04-30 08:46:27', '2024-04-30 09:20:37'),
(179, 'App\\Models\\User', 4, 'auth_token', '568583798ed7dfab5c0f912a18ec2e013b9eab002e14d385f4628395d2112b10', '[\"*\"]', '2024-04-30 22:55:07', NULL, '2024-04-30 22:53:12', '2024-04-30 22:55:07'),
(180, 'App\\Models\\User', 1, 'auth_token', 'a11a23522d4852ff9eb60e3e759ebc6056d019398027d172386c73c7b3f513b8', '[\"*\"]', '2024-05-02 21:23:02', NULL, '2024-04-30 22:55:54', '2024-05-02 21:23:02'),
(181, 'App\\Models\\User', 1, 'auth_token', '9b8833165e7135dae69491d025a2d5bf685b09cd9d6ae81455af35360d89fe14', '[\"*\"]', '2024-05-17 07:52:05', NULL, '2024-05-01 16:26:38', '2024-05-17 07:52:05'),
(182, 'App\\Models\\User', 1, 'auth_token', 'fb7fbde8f90d676d33768143327226e4b6e3f32de31546c6325d7efbdc54f488', '[\"*\"]', '2024-05-19 07:47:50', NULL, '2024-05-01 16:33:26', '2024-05-19 07:47:50'),
(183, 'App\\Models\\User', 2, 'auth_token', 'c4a29dee80f23e4b62e82c7eedd5e3e4447d965ce06c285ad19dc58c81983c5f', '[\"*\"]', '2024-05-05 19:40:45', NULL, '2024-05-03 03:14:34', '2024-05-05 19:40:45'),
(184, 'App\\Models\\User', 3, 'auth_token', 'ffab1c23a6103a3fb3454dd3a0fd1dbc93083b36970964a42d060139ffd51874', '[\"*\"]', '2024-05-05 19:45:12', NULL, '2024-05-05 19:41:16', '2024-05-05 19:45:12'),
(185, 'App\\Models\\User', 1, 'auth_token', 'ecae939f9ae73c7df0dd5f863233e0be8a3bba71666a55ee75ad3b1671e021fe', '[\"*\"]', '2024-05-09 00:28:07', NULL, '2024-05-05 19:46:21', '2024-05-09 00:28:07'),
(186, 'App\\Models\\User', 18, 'auth_token', 'f51a1bb93e7ee2320c8f42e2b155192ceda218e1f0390bad58964dfca71d9c07', '[\"*\"]', '2024-05-21 02:50:12', NULL, '2024-05-06 05:18:02', '2024-05-21 02:50:12'),
(187, 'App\\Models\\User', 2, 'auth_token', 'c3a73ee00f14fe311f979dd66c92625d18c78cce3f66a358fdc7c4533369f3ef', '[\"*\"]', '2024-05-09 23:38:55', NULL, '2024-05-09 00:28:38', '2024-05-09 23:38:55'),
(188, 'App\\Models\\User', 4, 'auth_token', 'c69ddaa5d3f5d1d774b83016d14fee226d27f2a82477542daa59d1a032c4361f', '[\"*\"]', '2024-05-09 23:48:13', NULL, '2024-05-09 23:39:50', '2024-05-09 23:48:13'),
(189, 'App\\Models\\User', 1, 'auth_token', 'cc0db50ba1f75c3cb40fd43b7faac810f697fa51e94ec85e5bd64fb8fc817213', '[\"*\"]', '2024-05-11 23:10:51', NULL, '2024-05-09 23:48:43', '2024-05-11 23:10:51'),
(190, 'App\\Models\\User', 2, 'auth_token', 'db5fc78f00c23aea423741e5ec8d391b2174f9ada84749d7acde30f78b03bf99', '[\"*\"]', '2024-05-19 07:08:32', NULL, '2024-05-12 06:17:54', '2024-05-19 07:08:32'),
(191, 'App\\Models\\User', 1, 'auth_token', 'f064fdd3506cfb1d5e3dc1b66c64dca8be31edc4279a44449ed1263e82b2f90b', '[\"*\"]', '2024-05-17 07:56:16', NULL, '2024-05-17 07:14:59', '2024-05-17 07:56:16'),
(192, 'App\\Models\\User', 4, 'auth_token', '9bd43b8b13cec3941077040f2378c082ef80c4475ee74b3219bd95e06ecd7d05', '[\"*\"]', '2024-05-17 07:53:27', NULL, '2024-05-17 07:53:01', '2024-05-17 07:53:27'),
(193, 'App\\Models\\User', 2, 'auth_token', 'dd2dfe7931f9c4e5f3ccc94d4b663227d71afc4221e6c5f1fb50ef9d6281b848', '[\"*\"]', '2024-05-19 07:29:01', NULL, '2024-05-17 07:54:18', '2024-05-19 07:29:01'),
(194, 'App\\Models\\User', 3, 'auth_token', '1eb6396d7f5b309b081ed3e9506699b6cd92cf6fd6de7050efcb414ed15bbf5b', '[\"*\"]', '2024-05-17 08:02:06', NULL, '2024-05-17 08:01:03', '2024-05-17 08:02:06'),
(195, 'App\\Models\\User', 2, 'auth_token', '90744d69406fed66acd8604de18322d2d4f1c238323686b74cd8be0ef1bd1953', '[\"*\"]', '2024-05-17 08:48:35', NULL, '2024-05-17 08:48:30', '2024-05-17 08:48:35'),
(196, 'App\\Models\\User', 1, 'auth_token', 'c3ba83146982718a6b61e11d3541afdb932cb5a3a964738b692ee16fad74dab7', '[\"*\"]', '2024-05-21 07:14:43', NULL, '2024-05-17 08:49:50', '2024-05-21 07:14:43'),
(197, 'App\\Models\\User', 1, 'auth_token', 'e89e3b6b75116fb9b338cd0d8ff119a805c98984863421468cb07c6e3964ace6', '[\"*\"]', '2024-05-19 07:46:07', NULL, '2024-05-19 07:29:37', '2024-05-19 07:46:07'),
(198, 'App\\Models\\User', 20, 'auth_token', 'bf7198616f6da033175979a5f59b3f46d7698a3ed317688b3b8cb9056412c35b', '[\"*\"]', '2024-05-21 02:51:07', NULL, '2024-05-21 02:50:54', '2024-05-21 02:51:07'),
(199, 'App\\Models\\User', 18, 'auth_token', '5cb535f0b2d652ac762d44beae8de48f77c6dd7ea9d83b7b6b8ec5f9e2e5ab9e', '[\"*\"]', '2024-05-21 02:55:23', NULL, '2024-05-21 02:53:09', '2024-05-21 02:55:23'),
(200, 'App\\Models\\User', 21, 'auth_token', '109d519edd0939175acbe24b6f55f528e546364e484ccbe9952e01e9e56ab0cb', '[\"*\"]', '2024-05-21 02:56:11', NULL, '2024-05-21 02:56:09', '2024-05-21 02:56:11'),
(201, 'App\\Models\\User', 18, 'auth_token', 'd9cc8e21775f6dcdd9a2704dc1c173003b7411e2f1d4f4d0d58c82089b1f9b22', '[\"*\"]', '2024-05-21 03:00:57', NULL, '2024-05-21 02:59:03', '2024-05-21 03:00:57'),
(202, 'App\\Models\\User', 21, 'auth_token', '251b4bd247f37d2156c3afba18ea5c755bfa47b566bfb307f0996c9b994e618b', '[\"*\"]', '2024-05-21 03:15:16', NULL, '2024-05-21 03:01:27', '2024-05-21 03:15:16'),
(203, 'App\\Models\\User', 20, 'auth_token', 'd7a579b6e64a72266dbe4c4819420bc945b08ac1f8832e1eaa104e595f654014', '[\"*\"]', '2024-05-21 03:17:33', NULL, '2024-05-21 03:17:09', '2024-05-21 03:17:33'),
(204, 'App\\Models\\User', 2, 'auth_token', '914c88aec6a2a413c21dc317bec8738ac3bbd6bf78eca40d385df92451a64b7b', '[\"*\"]', '2024-05-21 04:09:22', NULL, '2024-05-21 04:08:24', '2024-05-21 04:09:22'),
(205, 'App\\Models\\User', 2, 'auth_token', 'b6ee906d495c79b4fe00ba0aa11808481dca0957dad036eba4b61b7ff836de41', '[\"*\"]', '2024-05-23 12:08:30', NULL, '2024-05-23 09:46:57', '2024-05-23 12:08:30'),
(206, 'App\\Models\\User', 2, 'auth_token', '902f0dd2d83b4bd7e3a076a11ae523359ecc26cbd2e5ca494743a4a9874f2a6f', '[\"*\"]', '2024-05-23 12:10:50', NULL, '2024-05-23 12:10:49', '2024-05-23 12:10:50');

-- --------------------------------------------------------

--
-- Table structure for table `request_user`
--

CREATE TABLE `request_user` (
  `req_user_id` int(11) NOT NULL,
  `username` text NOT NULL,
  `email` varchar(250) NOT NULL,
  `password` text NOT NULL,
  `address` text NOT NULL,
  `phone` text NOT NULL,
  `user_role` text NOT NULL,
  `commission` int(11) NOT NULL DEFAULT 0,
  `added_user_id` int(10) NOT NULL DEFAULT 0,
  `status` int(1) NOT NULL DEFAULT 1,
  `adddatetime` timestamp NOT NULL DEFAULT current_timestamp() ON UPDATE current_timestamp(),
  `created_at` timestamp NOT NULL DEFAULT '0000-00-00 00:00:00',
  `updated_at` timestamp NOT NULL DEFAULT '0000-00-00 00:00:00'
) ENGINE=InnoDB DEFAULT CHARSET=latin1 COLLATE=latin1_swedish_ci;

-- --------------------------------------------------------

--
-- Table structure for table `riddles`
--

CREATE TABLE `riddles` (
  `rid_id` int(11) NOT NULL,
  `rid_title` text NOT NULL,
  `rid_img` text NOT NULL,
  `user_id` int(11) NOT NULL,
  `add_datetime` timestamp NOT NULL DEFAULT current_timestamp() ON UPDATE current_timestamp()
) ENGINE=MyISAM DEFAULT CHARSET=latin1 COLLATE=latin1_swedish_ci;

--
-- Dumping data for table `riddles`
--

INSERT INTO `riddles` (`rid_id`, `rid_title`, `rid_img`, `user_id`, `add_datetime`) VALUES
(6, 'Men bon an', '/storage/riddle_images/6630716129fca.jpg', 3, '2024-04-30 04:19:45');

-- --------------------------------------------------------

--
-- Table structure for table `transactions`
--

CREATE TABLE `transactions` (
  `transaction_id` int(11) NOT NULL,
  `debit` varchar(100) NOT NULL,
  `credit` varchar(100) NOT NULL,
  `balance` varchar(100) NOT NULL,
  `order_item_id` int(11) DEFAULT NULL,
  `seller_id` int(11) DEFAULT NULL,
  `transaction_remarks` text NOT NULL,
  `transaction_add_date` timestamp NOT NULL DEFAULT current_timestamp() ON UPDATE current_timestamp()
) ENGINE=InnoDB DEFAULT CHARSET=latin1 COLLATE=latin1_swedish_ci;

--
-- Dumping data for table `transactions`
--

INSERT INTO `transactions` (`transaction_id`, `debit`, `credit`, `balance`, `order_item_id`, `seller_id`, `transaction_remarks`, `transaction_add_date`) VALUES
(1, '0', '100', '0', NULL, 1, 'Lottery sold.1', '2024-02-05 12:33:19'),
(2, '0', '156', '0', NULL, 2, 'Lottery sold.2', '2024-02-05 12:38:49'),
(3, '0', '46', '0', NULL, 2, 'Lottery sold.3', '2024-02-05 13:26:37'),
(4, '0', '100', '0', NULL, 2, 'Lottery sold.4', '2024-02-12 11:37:06'),
(5, '0', '100', '0', NULL, 2, 'Lottery sold.5', '2024-02-12 11:37:17'),
(6, '0.00', '0', '0', NULL, 6, 'commission added', '2024-02-23 18:44:42'),
(7, '0', '0', '0', NULL, 6, 'balance given', '2024-02-23 18:44:42'),
(8, '0.00', '0', '0', NULL, 6, 'commission added', '2024-02-27 12:48:57'),
(9, '0', '0', '0', NULL, 6, 'balance given', '2024-02-27 12:48:57'),
(10, '0', '24', '0', NULL, 2, 'Lottery sold.6', '2024-02-27 13:22:47'),
(11, '0.00', '0', '0', NULL, 6, 'commission added', '2024-02-28 12:29:38'),
(12, '0', '0', '0', NULL, 6, 'balance given', '2024-02-28 12:29:38'),
(13, '42.60', '0', '1', NULL, 2, 'commission added', '2024-02-28 13:26:53'),
(14, '426', '0', '1', NULL, 2, 'balance Collected', '2024-02-28 13:26:53'),
(15, '0.00', '0', '0', NULL, 5, 'commission added', '2024-02-28 13:27:04'),
(16, '0', '0', '0', NULL, 5, 'balance given', '2024-02-28 13:27:04'),
(17, '0', '300', '0', NULL, 2, 'Lottery sold.7', '2024-02-28 13:40:50'),
(18, '0', '20', '0', NULL, 2, 'Lottery sold.8', '2024-03-02 17:18:41'),
(19, '0', '20', '0', NULL, 2, 'Lottery sold.9', '2024-03-03 10:10:32'),
(20, '0', '100', '0', NULL, 2, 'Lottery sold.10', '2024-03-04 08:21:19'),
(21, '0', '100', '0', NULL, 2, 'Lottery sold.11', '2024-03-04 08:22:04'),
(22, '0', '100', '0', NULL, 2, 'Lottery sold.12', '2024-03-04 08:25:38'),
(23, '0', '100', '0', NULL, 2, 'Lottery sold.13', '2024-03-04 08:27:48'),
(24, '0', '100', '0', NULL, 2, 'Lottery sold.14', '2024-03-04 09:23:20'),
(25, '0', '100', '0', NULL, 2, 'Lottery sold.15', '2024-03-04 09:25:23'),
(26, '0', '100', '0', NULL, 2, 'Lottery sold.16', '2024-03-04 09:35:20'),
(27, '0', '150', '0', NULL, 2, 'Lottery sold.17', '2024-03-04 09:35:39'),
(28, '0', '150', '0', NULL, 2, 'Lottery sold.18', '2024-03-04 09:36:43'),
(29, '0', '150', '0', NULL, 2, 'Lottery sold.19', '2024-03-04 09:39:34'),
(30, '0', '200', '0', NULL, 2, 'Lottery sold.20', '2024-03-04 09:40:38'),
(31, '0', '650', '0', NULL, 2, 'Lottery sold.21', '2024-03-04 09:40:54'),
(32, '0', '120', '0', NULL, 2, 'Lottery sold.22', '2024-03-04 10:10:30'),
(33, '0', '650', '0', NULL, 2, 'Lottery sold.23', '2024-03-04 11:10:12'),
(34, '0', '650', '0', NULL, 2, 'Lottery sold.24', '2024-03-04 11:12:09'),
(35, '0', '650', '0', NULL, 2, 'Lottery sold.25', '2024-03-04 11:13:29'),
(36, '0', '650', '0', NULL, 2, 'Lottery sold.26', '2024-03-04 11:16:25'),
(37, '0', '650', '0', NULL, 2, 'Lottery sold.27', '2024-03-04 11:22:01'),
(38, '0', '650', '0', NULL, 2, 'Lottery sold.28', '2024-03-04 11:23:02'),
(39, '0', '650', '0', NULL, 2, 'Lottery sold.29', '2024-03-04 11:24:25'),
(40, '0', '650', '0', NULL, 2, 'Lottery sold.30', '2024-03-04 11:24:50'),
(41, '0', '60', '0', NULL, 2, 'Lottery sold.31', '2024-03-04 11:35:01'),
(42, '0', '650', '0', NULL, 2, 'Lottery sold.32', '2024-03-04 12:27:45'),
(43, '0', '650', '0', NULL, 2, 'Lottery sold.33', '2024-03-04 12:29:22'),
(44, '0', '650', '0', NULL, 2, 'Lottery sold.34', '2024-03-04 12:29:44'),
(45, '0', '650', '0', NULL, 2, 'Lottery sold.35', '2024-03-04 12:30:05'),
(46, '0', '650', '0', NULL, 2, 'Lottery sold.36', '2024-03-04 12:30:41'),
(47, '0', '650', '0', NULL, 2, 'Lottery sold.37', '2024-03-04 12:32:36'),
(48, '0', '650', '0', NULL, 2, 'Lottery sold.38', '2024-03-04 12:39:26'),
(49, '0', '650', '0', NULL, 2, 'Lottery sold.39', '2024-03-04 12:39:53'),
(50, '0', '650', '0', NULL, 2, 'Lottery sold.40', '2024-03-04 12:41:09'),
(51, '0', '650', '0', NULL, 2, 'Lottery sold.41', '2024-03-04 12:43:59'),
(52, '0', '650', '0', NULL, 2, 'Lottery sold.42', '2024-03-04 12:45:04'),
(53, '0', '650', '0', NULL, 2, 'Lottery sold.43', '2024-03-04 12:45:40'),
(54, '0', '40', '0', NULL, 2, 'Lottery sold.44', '2024-03-04 12:52:55'),
(55, '0', '40', '0', NULL, 2, 'Lottery sold.45', '2024-03-04 13:33:47'),
(56, '0', '40', '0', NULL, 2, 'Lottery sold.46', '2024-03-04 13:35:11'),
(57, '0', '48', '0', NULL, 2, 'Lottery sold.47', '2024-03-04 13:42:43'),
(58, '0', '40', '0', NULL, 2, 'Lottery sold.48', '2024-03-04 13:49:04'),
(59, '0', '48', '0', NULL, 2, 'Lottery sold.49', '2024-03-04 13:58:05'),
(60, '0', '492', '0', NULL, 2, 'Lottery sold.50', '2024-03-04 14:01:50'),
(61, '0', '72', '0', NULL, 2, 'Lottery sold.51', '2024-03-04 14:04:11'),
(62, '0', '48', '0', NULL, 2, 'Lottery sold.52', '2024-03-04 14:10:20'),
(63, '0', '228', '0', NULL, 2, 'Lottery sold.53', '2024-03-04 14:12:15'),
(64, '0', '204', '0', NULL, 2, 'Lottery sold.54', '2024-03-04 14:19:35'),
(65, '0', '48', '0', NULL, 2, 'Lottery sold.55', '2024-03-04 14:26:41'),
(66, '0', '48', '0', NULL, 2, 'Lottery sold.56', '2024-03-04 14:58:31'),
(67, '0', '4', '0', NULL, 2, 'Lottery sold.57', '2024-03-04 15:02:32'),
(68, '0', '40', '0', NULL, 2, 'Lottery sold.58', '2024-03-04 15:06:36'),
(69, '0', '48', '0', NULL, 2, 'Lottery sold.59', '2024-03-04 15:17:50'),
(70, '0', '160', '0', NULL, 2, 'Lottery sold.60', '2024-03-04 15:23:50'),
(71, '0', '160', '0', NULL, 2, 'Lottery sold.61', '2024-03-04 15:32:10'),
(72, '0', '168', '0', NULL, 2, 'Lottery sold.62', '2024-03-04 17:41:13'),
(73, '0', '400', '0', NULL, 2, 'Lottery sold.63', '2024-03-04 18:33:46'),
(74, '0', '40', '0', NULL, 2, 'Lottery sold.64', '2024-03-05 11:00:08'),
(75, '0', '600', '0', NULL, 2, 'Lottery sold.65', '2024-03-05 11:27:22'),
(78, '0', '500', '0', NULL, 2, 'Lottery sold.68', '2024-03-16 19:37:27'),
(79, '0', '40', '0', NULL, 2, 'Lottery sold.69', '2024-03-16 19:53:29'),
(80, '0', '180', '0', NULL, 2, 'Lottery sold.70', '2024-03-17 12:13:20'),
(81, '0', '6', '0', NULL, 2, 'Lottery sold.71', '2024-03-19 19:00:27'),
(82, '0', '250', '0', NULL, 2, 'Lottery sold.72', '2024-04-15 07:46:49'),
(83, '0', '100', '0', NULL, 2, 'Lottery sold.73', '2024-04-15 09:39:31'),
(84, '0', '100', '0', NULL, 2, 'Lottery sold.74', '2024-04-15 11:10:01'),
(85, '0', '2', '0', NULL, 2, 'Lottery sold.75', '2024-04-15 12:22:25'),
(86, '0', '100', '0', NULL, 2, 'Lottery sold.76', '2024-04-15 12:40:12'),
(87, '0.00', '0', '0', NULL, 17, 'commission added', '2024-04-15 12:41:52'),
(88, '0', '0', '0', NULL, 17, 'balance given', '2024-04-15 12:41:52'),
(91, '0', '50', '0', NULL, 2, 'Lottery sold.77', '2024-04-15 13:01:43'),
(92, '0', '112.5', '0', NULL, 19, 'Lottery sold.78', '2024-04-16 02:50:14'),
(93, '0', '1', '0', NULL, 2, 'Lottery sold.79', '2024-04-16 16:25:31'),
(94, '0', '20', '0', NULL, 19, 'Lottery sold.80', '2024-04-17 20:04:37'),
(95, '6.12', '0', '1', NULL, 2, 'commission added', '2024-04-18 15:08:13'),
(96, '51', '0', '1', NULL, 2, 'balance Collected', '2024-04-18 15:08:13'),
(97, '0', '67.5', '0', NULL, 19, 'Lottery sold.81', '2024-04-18 16:07:21'),
(98, '0', '340', '0', NULL, 21, 'Lottery sold.82', '2024-04-19 03:28:21'),
(99, '0', '25', '0', NULL, 21, 'Lottery sold.83', '2024-04-19 04:30:13'),
(100, '0', '25', '0', NULL, 21, 'Lottery sold.84', '2024-04-19 04:30:36'),
(101, '0', '2.5', '0', NULL, 21, 'Lottery sold.85', '2024-04-19 04:30:50'),
(102, '0', '15', '0', NULL, 2, 'Lottery sold.86', '2024-04-19 14:01:11'),
(103, '0.00', '0', '0', NULL, 17, 'commission added', '2024-04-19 15:55:13'),
(104, '0', '0', '0', NULL, 17, 'balance given', '2024-04-19 15:55:13'),
(105, '0', '50', '0', NULL, 2, 'Lottery sold.87', '2024-04-19 17:42:31'),
(106, '0', '2', '0', NULL, 25, 'Lottery sold.88', '2024-04-19 22:32:35'),
(107, '0.00', '0', '0', NULL, 22, 'commission added', '2024-04-20 22:42:55'),
(108, '0', '0', '0', NULL, 22, 'balance given', '2024-04-20 22:42:55'),
(109, '0', '20', '0', NULL, 2, 'Lottery sold.89', '2024-04-21 11:37:11'),
(110, '0', '24', '0', NULL, 2, 'Lottery sold.90', '2024-04-21 11:39:29'),
(111, '0', '24', '0', NULL, 2, 'Lottery sold.91', '2024-04-21 11:45:53'),
(112, '0', '50', '0', NULL, 2, 'Lottery sold.92', '2024-04-21 14:51:46'),
(113, '0', '45', '0', NULL, 2, 'Lottery sold.93', '2024-04-21 15:41:25'),
(114, '0', '15', '0', NULL, 2, 'Lottery sold.94', '2024-04-21 16:32:17'),
(115, '0', '6', '0', NULL, 2, 'Lottery sold.95', '2024-04-21 16:35:14'),
(116, '0', '10', '0', NULL, 2, 'Lottery sold.96', '2024-04-21 16:37:53'),
(117, '0.00', '0', '0', NULL, 17, 'commission added', '2024-04-30 04:24:55'),
(118, '0', '0', '0', NULL, 17, 'balance given', '2024-04-30 04:24:55'),
(119, '0', '5', '0', NULL, 21, 'Lottery sold.97', '2024-05-21 05:06:09'),
(120, '0', '25', '0', NULL, 21, 'Lottery sold.98', '2024-05-21 05:13:57'),
(121, '0', '3000', '0', NULL, 2, 'Lottery sold.99', '2024-05-21 06:09:00');

-- --------------------------------------------------------

--
-- Table structure for table `users`
--

CREATE TABLE `users` (
  `user_id` bigint(20) UNSIGNED NOT NULL,
  `username` varchar(255) NOT NULL,
  `email` varchar(255) NOT NULL,
  `email_verified_at` timestamp NULL DEFAULT NULL,
  `password` varchar(255) NOT NULL,
  `address` varchar(255) DEFAULT NULL,
  `phone` varchar(255) NOT NULL,
  `user_role` varchar(255) NOT NULL,
  `commission` varchar(255) DEFAULT NULL,
  `added_user_id` varchar(255) NOT NULL,
  `status` varchar(255) NOT NULL DEFAULT '1',
  `remember_token` varchar(100) DEFAULT NULL,
  `created_at` timestamp NULL DEFAULT NULL,
  `updated_at` timestamp NULL DEFAULT NULL
) ENGINE=InnoDB DEFAULT CHARSET=utf8mb4 COLLATE=utf8mb4_unicode_ci;

--
-- Dumping data for table `users`
--

INSERT INTO `users` (`user_id`, `username`, `email`, `email_verified_at`, `password`, `address`, `phone`, `user_role`, `commission`, `added_user_id`, `status`, `remember_token`, `created_at`, `updated_at`) VALUES
(1, 'admin', 'admin@gmail.com', NULL, 'd54d1702ad0f8326224b817c796763c9', NULL, '', 'admin', '5', '3', '1', NULL, NULL, NULL),
(2, 'Seller', 'seller@gmail.com', NULL, 'd54d1702ad0f8326224b817c796763c9', 'pk', '09876543', 'seller', '10', '4', '1', NULL, NULL, NULL),
(3, 'superadmin', 'superadmin@gmail.com', NULL, 'd54d1702ad0f8326224b817c796763c9', NULL, '', 'superadmin', NULL, '3', '1', NULL, NULL, NULL),
(4, 'manager', 'manager@gmail.com', NULL, 'd54d1702ad0f8326224b817c796763c9', NULL, '', 'manager', NULL, '1', '1', NULL, NULL, NULL),
(5, 'testuser1', 'testuser@gmail.com', NULL, 'd54d1702ad0f8326224b817c796763c9', 'house 23 pakistan', '1234567', 'seller', '15', '4', '0', NULL, NULL, NULL),
(6, 'Admin seller', 'adminseller@gmail.com', NULL, 'd54d1702ad0f8326224b817c796763c9', 'pk', '12345', 'seller', '13', '1', '0', NULL, NULL, NULL),
(7, 'umar', 'umar@gmail.com', NULL, 'd54d1702ad0f8326224b817c796763c9', 'jinah colony', '12345', 'seller', '5', '1', '0', NULL, NULL, NULL),
(8, 'ali', 'ali@gmail.com', NULL, 'd54d1702ad0f8326224b817c796763c9', '1234567fsds ndijsnda', '213434', 'customer', NULL, '3', '1', NULL, NULL, NULL),
(9, 'ahmed', 'ahmed@gmail.com', NULL, 'd54d1702ad0f8326224b817c796763c9', 'fsd', '23456', 'seller', '10', '1', '0', NULL, NULL, NULL),
(10, 'abc', 'abc@gmail.com', NULL, 'd54d1702ad0f8326224b817c796763c9', 'qwer', '1234', 'seller', '10', '1', '0', NULL, NULL, NULL),
(11, 'fahad', 'fahad@gmail.com', NULL, 'd54d1702ad0f8326224b817c796763c9', 'qwer', '1234', 'seller', '10', '1', '0', NULL, NULL, NULL),
(12, 'qwert', 'qwer@gmail.com', NULL, 'd54d1702ad0f8326224b817c796763c9', 'qwert', '234', 'seller', '10', '1', '0', NULL, NULL, NULL),
(13, 'asdsfg', 'asdfg@gmail.com', NULL, '25d55ad283aa400af464c76d713c07ad', 'qwr', '345', 'seller', '10', '1', '0', NULL, NULL, NULL),
(14, 'hp', 'hp@gmail.com', NULL, 'd54d1702ad0f8326224b817c796763c9', 'qwer', '1234', 'seller', '10', '1', '0', NULL, NULL, NULL),
(15, 'dell', 'dell@gmail.com', NULL, 'd54d1702ad0f8326224b817c796763c9', 'asdf', '123456', 'seller', '10', '1', '0', NULL, NULL, NULL),
(16, 'a', 'a@gmail.com', NULL, 'd54d1702ad0f8326224b817c796763c9', 'qwer', '1', 'seller', '10', '1', '0', NULL, NULL, NULL),
(17, 'seller admin', 'selleradmin@gmail.com', NULL, 'd54d1702ad0f8326224b817c796763c9', 'qwer', '21121', 'seller', '15', '1', '1', NULL, NULL, NULL),
(18, 'Juan Alejandro', 'j.alejandroramirez4@gmail.com', NULL, '768e5aeb158e243367f8e60b97c6311b', '13 av. 17 y 18 calles', '55659491', 'admin', '0.5', '3', '1', NULL, NULL, NULL),
(19, 'gerente', 'getente@gmail.com', NULL, '768e5aeb158e243367f8e60b97c6311b', 'casa', '55659491', 'seller', '15', '18', '0', NULL, NULL, NULL),
(20, 'Juan', 'juan@gmail.com', NULL, '768e5aeb158e243367f8e60b97c6311b', 'casa', '55659491', 'manager', '15', '18', '1', NULL, NULL, NULL),
(21, 'Estela', 'pistela596@gmail.com', NULL, '778754903850bb42978b8a34f9f80309', '13 avenida 17 y 18 calles', '47028543', 'seller', '0', '20', '1', NULL, NULL, NULL),
(22, 'Jerry', 'boul@gmail.com', NULL, '5dd3c2e95b5ac9e8b9fc6e101b9611e2', 'Haiti', '5167876177', 'seller', '10', '1', '1', NULL, NULL, NULL),
(23, 'zobop', 'zobop@gmail.com', NULL, 'c80c46654dd37b1515ec220fbc9a722c', 'Delmas Ayiti', '555088 701', 'seller', '22', '4', '0', NULL, NULL, NULL),
(24, 'lakou', 'lakou@gmail.com', NULL, '25d55ad283aa400af464c76d713c07ad', 'ayiti', '57789', 'seller', '9', '4', '0', NULL, NULL, NULL),
(25, 'frap', 'frap@gmail.com', NULL, '25d55ad283aa400af464c76d713c07ad', 'delmas', '1456778', 'seller', '10', '4', '0', NULL, NULL, NULL),
(26, 'zola', 'zola@gmail.com', NULL, '25d55ad283aa400af464c76d713c07ad', 'delma', '12345678', 'seller', '10', '4', '0', NULL, NULL, NULL),
(27, 'boza', 'boza@gmail.com', NULL, '25d55ad283aa400af464c76d713c07ad', 'delmas', '1233777', 'manager', '10', '1', '1', NULL, NULL, NULL),
(28, 'rako', 'rako@gmail.com', NULL, '25d55ad283aa400af464c76d713c07ad', 'delmas', '1555667788', 'seller', '10', '27', '1', NULL, NULL, NULL),
(29, 'gaga', 'gaga@gmail.com', NULL, '3fe2873a09a4a997cae15d6ecc00477e', 'Delmas 33', '1334577899', 'seller', '10', '27', '1', NULL, NULL, NULL),
(30, 'lolo', 'lolo@gmail.com', NULL, '4e41a7627f964fe9097381d3c3d51f2e', 'lolo@gmail.com', '17383939', 'seller', '10', '27', '1', NULL, NULL, NULL),
(31, 'loko', 'loko@gmail.com', NULL, '8515ea8a5dcc4f22d18b822bd8b06114', 'delma', '12345678', 'seller', '22', '4', '0', NULL, NULL, NULL),
(32, 'zobwa', 'zobwa@gmail.com', NULL, '50e4753cd1e2eec267bef76976623536', 'delmas', '123334443', 'seller', '12', '4', '0', NULL, NULL, NULL),
(33, 'bwapye', 'bwapye@gmail.com', NULL, 'd54d1702ad0f8326224b817c796763c9', 'Delmas', '12345678', 'seller', '10', '3', '1', NULL, NULL, NULL),
(39, 'primo', 'primo@gmail.com', NULL, 'c544d17d3befafc39c7a5a1b72e9f42b', 'delmas', '16383839', 'seller', NULL, '3', '1', NULL, NULL, NULL),
(41, 'dfffgghh', 'pr@gmail.com', NULL, '25d55ad283aa400af464c76d713c07ad', 'delams', '00000', 'seller', NULL, '3', '1', NULL, NULL, NULL);

-- --------------------------------------------------------

--
-- Table structure for table `vouchers`
--

CREATE TABLE `vouchers` (
  `voucher_id` int(255) NOT NULL,
  `transaction_id` int(10) NOT NULL,
  `user_id` int(10) NOT NULL,
  `customer_id` int(11) DEFAULT NULL,
  `givin_amount` varchar(250) NOT NULL,
  `voucher_hint` text DEFAULT NULL,
  `add_datetime` timestamp NOT NULL DEFAULT current_timestamp() ON UPDATE current_timestamp()
) ENGINE=MyISAM DEFAULT CHARSET=latin1 COLLATE=latin1_swedish_ci;

-- --------------------------------------------------------

--
-- Table structure for table `winning_numbers`
--

CREATE TABLE `winning_numbers` (
  `win_id` int(11) NOT NULL,
  `add_date` date NOT NULL,
  `lot_id` int(11) NOT NULL,
  `number_win` varchar(10) NOT NULL,
  `added_by` int(11) NOT NULL,
  `adddatetime` timestamp NOT NULL DEFAULT current_timestamp() ON UPDATE current_timestamp()
) ENGINE=MyISAM DEFAULT CHARSET=latin1 COLLATE=latin1_swedish_ci;

--
-- Dumping data for table `winning_numbers`
--

INSERT INTO `winning_numbers` (`win_id`, `add_date`, `lot_id`, `number_win`, `added_by`, `adddatetime`) VALUES
(1, '2024-02-20', 2, '99', 1, '2024-02-20 12:58:28'),
(2, '2024-02-21', 1, '95', 1, '2024-02-21 09:47:56'),
(3, '2024-02-28', 4, '50', 1, '2024-02-28 13:21:12'),
(4, '2024-03-05', 2, '10', 1, '2024-03-05 11:02:02'),
(5, '2024-04-18', 18, '12', 18, '2024-04-19 04:16:04'),
(6, '2024-04-18', 19, '18', 18, '2024-04-19 04:16:10'),
(7, '2024-04-18', 21, '99', 18, '2024-04-19 04:16:16'),
(8, '2024-04-18', 20, '60', 18, '2024-04-19 04:16:25');

--
-- Indexes for dumped tables
--

--
-- Indexes for table `cut_history`
--
ALTER TABLE `cut_history`
  ADD PRIMARY KEY (`cut_id`);

--
-- Indexes for table `failed_jobs`
--
ALTER TABLE `failed_jobs`
  ADD PRIMARY KEY (`id`),
  ADD UNIQUE KEY `failed_jobs_uuid_unique` (`uuid`);

--
-- Indexes for table `limit_game`
--
ALTER TABLE `limit_game`
  ADD PRIMARY KEY (`limit_id`);

--
-- Indexes for table `lotteries`
--
ALTER TABLE `lotteries`
  ADD PRIMARY KEY (`lot_id`);

--
-- Indexes for table `migrations`
--
ALTER TABLE `migrations`
  ADD PRIMARY KEY (`id`);

--
-- Indexes for table `orders`
--
ALTER TABLE `orders`
  ADD PRIMARY KEY (`order_id`);

--
-- Indexes for table `order_item`
--
ALTER TABLE `order_item`
  ADD PRIMARY KEY (`order_item_id`);

--
-- Indexes for table `personal_access_tokens`
--
ALTER TABLE `personal_access_tokens`
  ADD PRIMARY KEY (`id`),
  ADD UNIQUE KEY `personal_access_tokens_token_unique` (`token`),
  ADD KEY `personal_access_tokens_tokenable_type_tokenable_id_index` (`tokenable_type`,`tokenable_id`);

--
-- Indexes for table `request_user`
--
ALTER TABLE `request_user`
  ADD PRIMARY KEY (`req_user_id`);

--
-- Indexes for table `riddles`
--
ALTER TABLE `riddles`
  ADD PRIMARY KEY (`rid_id`);

--
-- Indexes for table `transactions`
--
ALTER TABLE `transactions`
  ADD PRIMARY KEY (`transaction_id`);

--
-- Indexes for table `users`
--
ALTER TABLE `users`
  ADD PRIMARY KEY (`user_id`),
  ADD UNIQUE KEY `users_email_unique` (`email`);

--
-- Indexes for table `vouchers`
--
ALTER TABLE `vouchers`
  ADD PRIMARY KEY (`voucher_id`);

--
-- Indexes for table `winning_numbers`
--
ALTER TABLE `winning_numbers`
  ADD PRIMARY KEY (`win_id`);

--
-- AUTO_INCREMENT for dumped tables
--

--
-- AUTO_INCREMENT for table `cut_history`
--
ALTER TABLE `cut_history`
  MODIFY `cut_id` int(244) NOT NULL AUTO_INCREMENT, AUTO_INCREMENT=12;

--
-- AUTO_INCREMENT for table `failed_jobs`
--
ALTER TABLE `failed_jobs`
  MODIFY `id` bigint(20) UNSIGNED NOT NULL AUTO_INCREMENT;

--
-- AUTO_INCREMENT for table `limit_game`
--
ALTER TABLE `limit_game`
  MODIFY `limit_id` int(100) NOT NULL AUTO_INCREMENT, AUTO_INCREMENT=55;

--
-- AUTO_INCREMENT for table `lotteries`
--
ALTER TABLE `lotteries`
  MODIFY `lot_id` int(11) NOT NULL AUTO_INCREMENT, AUTO_INCREMENT=39;

--
-- AUTO_INCREMENT for table `migrations`
--
ALTER TABLE `migrations`
  MODIFY `id` int(10) UNSIGNED NOT NULL AUTO_INCREMENT, AUTO_INCREMENT=10;

--
-- AUTO_INCREMENT for table `orders`
--
ALTER TABLE `orders`
  MODIFY `order_id` int(11) NOT NULL AUTO_INCREMENT, AUTO_INCREMENT=100;

--
-- AUTO_INCREMENT for table `order_item`
--
ALTER TABLE `order_item`
  MODIFY `order_item_id` int(11) NOT NULL AUTO_INCREMENT, AUTO_INCREMENT=596;

--
-- AUTO_INCREMENT for table `personal_access_tokens`
--
ALTER TABLE `personal_access_tokens`
  MODIFY `id` bigint(20) UNSIGNED NOT NULL AUTO_INCREMENT, AUTO_INCREMENT=207;

--
-- AUTO_INCREMENT for table `request_user`
--
ALTER TABLE `request_user`
  MODIFY `req_user_id` int(11) NOT NULL AUTO_INCREMENT, AUTO_INCREMENT=6;

--
-- AUTO_INCREMENT for table `riddles`
--
ALTER TABLE `riddles`
  MODIFY `rid_id` int(11) NOT NULL AUTO_INCREMENT, AUTO_INCREMENT=7;

--
-- AUTO_INCREMENT for table `transactions`
--
ALTER TABLE `transactions`
  MODIFY `transaction_id` int(11) NOT NULL AUTO_INCREMENT, AUTO_INCREMENT=122;

--
-- AUTO_INCREMENT for table `users`
--
ALTER TABLE `users`
  MODIFY `user_id` bigint(20) UNSIGNED NOT NULL AUTO_INCREMENT, AUTO_INCREMENT=42;

--
-- AUTO_INCREMENT for table `vouchers`
--
ALTER TABLE `vouchers`
  MODIFY `voucher_id` int(255) NOT NULL AUTO_INCREMENT;

--
-- AUTO_INCREMENT for table `winning_numbers`
--
ALTER TABLE `winning_numbers`
  MODIFY `win_id` int(11) NOT NULL AUTO_INCREMENT, AUTO_INCREMENT=9;
COMMIT;

/*!40101 SET CHARACTER_SET_CLIENT=@OLD_CHARACTER_SET_CLIENT */;
/*!40101 SET CHARACTER_SET_RESULTS=@OLD_CHARACTER_SET_RESULTS */;
/*!40101 SET COLLATION_CONNECTION=@OLD_COLLATION_CONNECTION */;
